Number,Id,i7,i5
1,7P1_5P1,ATTACTCG,TATAGCCT
2,7P1_5P2,ATTACTCG,ATAGAGGC
3,7P1_5P3,ATTACTCG,CCTATCCT
4,7P1_5P4,ATTACTCG,GGCTCTGA
5,7P1_5P5,ATTACTCG,AGGCGAAG
6,7P1_5P6,ATTACTCG,TAATCTTA
7,7P1_5P7,ATTACTCG,CAGGACGT
8,7P1_5P8,ATTACTCG,GTACTGAC
9,7P1_5P9,ATTACTCG,TTGCTTGC
10,7P1_5P10,ATTACTCG,GAGAGGTT
11,7P1_5P11,ATTACTCG,ACCTGGTT
12,7P1_5P12,ATTACTCG,AAGCGGAA
13,7P1_5P13,ATTACTCG,CGGAACAA
14,7P1_5P14,ATTACTCG,GGTAAGCT
15,7P1_5P15,ATTACTCG,TGTGGCAT
16,7P1_5P16,ATTACTCG,ACTACGGA
17,7P2_5P1,TCCGGAGA,TATAGCCT
18,7P2_5P2,TCCGGAGA,ATAGAGGC
19,7P2_5P3,TCCGGAGA,CCTATCCT
20,7P2_5P4,TCCGGAGA,GGCTCTGA
21,7P2_5P5,TCCGGAGA,AGGCGAAG
22,7P2_5P6,TCCGGAGA,TAATCTTA
23,7P2_5P7,TCCGGAGA,CAGGACGT
24,7P2_5P8,TCCGGAGA,GTACTGAC
25,7P2_5P9,TCCGGAGA,TTGCTTGC
26,7P2_5P10,TCCGGAGA,GAGAGGTT
27,7P2_5P11,TCCGGAGA,ACCTGGTT
28,7P2_5P12,TCCGGAGA,AAGCGGAA
29,7P2_5P13,TCCGGAGA,CGGAACAA
30,7P2_5P14,TCCGGAGA,GGTAAGCT
31,7P2_5P15,TCCGGAGA,TGTGGCAT
32,7P2_5P16,TCCGGAGA,ACTACGGA
33,7P3_5P1,CGCTCATT,TATAGCCT
34,7P3_5P2,CGCTCATT,ATAGAGGC
35,7P3_5P3,CGCTCATT,CCTATCCT
36,7P3_5P4,CGCTCATT,GGCTCTGA
37,7P3_5P5,CGCTCATT,AGGCGAAG
38,7P3_5P6,CGCTCATT,TAATCTTA
39,7P3_5P7,CGCTCATT,CAGGACGT
40,7P3_5P8,CGCTCATT,GTACTGAC
41,7P3_5P9,CGCTCATT,TTGCTTGC
42,7P3_5P10,CGCTCATT,GAGAGGTT
43,7P3_5P11,CGCTCATT,ACCTGGTT
44,7P3_5P12,CGCTCATT,AAGCGGAA
45,7P3_5P13,CGCTCATT,CGGAACAA
46,7P3_5P14,CGCTCATT,GGTAAGCT
47,7P3_5P15,CGCTCATT,TGTGGCAT
48,7P3_5P16,CGCTCATT,ACTACGGA
49,7P4_5P1,GAGATTCC,TATAGCCT
50,7P4_5P2,GAGATTCC,ATAGAGGC
51,7P4_5P3,GAGATTCC,CCTATCCT
52,7P4_5P4,GAGATTCC,GGCTCTGA
53,7P4_5P5,GAGATTCC,AGGCGAAG
54,7P4_5P6,GAGATTCC,TAATCTTA
55,7P4_5P7,GAGATTCC,CAGGACGT
56,7P4_5P8,GAGATTCC,GTACTGAC
57,7P4_5P9,GAGATTCC,TTGCTTGC
58,7P4_5P10,GAGATTCC,GAGAGGTT
59,7P4_5P11,GAGATTCC,ACCTGGTT
60,7P4_5P12,GAGATTCC,AAGCGGAA
61,7P4_5P13,GAGATTCC,CGGAACAA
62,7P4_5P14,GAGATTCC,GGTAAGCT
63,7P4_5P15,GAGATTCC,TGTGGCAT
64,7P4_5P16,GAGATTCC,ACTACGGA
65,7P5_5P1,ATTCAGAA,TATAGCCT
66,7P5_5P2,ATTCAGAA,ATAGAGGC
67,7P5_5P3,ATTCAGAA,CCTATCCT
68,7P5_5P4,ATTCAGAA,GGCTCTGA
69,7P5_5P5,ATTCAGAA,AGGCGAAG
70,7P5_5P6,ATTCAGAA,TAATCTTA
71,7P5_5P7,ATTCAGAA,CAGGACGT
72,7P5_5P8,ATTCAGAA,GTACTGAC
73,7P5_5P9,ATTCAGAA,TTGCTTGC
74,7P5_5P10,ATTCAGAA,GAGAGGTT
75,7P5_5P11,ATTCAGAA,ACCTGGTT
76,7P5_5P12,ATTCAGAA,AAGCGGAA
77,7P5_5P13,ATTCAGAA,CGGAACAA
78,7P5_5P14,ATTCAGAA,GGTAAGCT
79,7P5_5P15,ATTCAGAA,TGTGGCAT
80,7P5_5P16,ATTCAGAA,ACTACGGA
81,7P6_5P1,GAATTCGT,TATAGCCT
82,7P6_5P2,GAATTCGT,ATAGAGGC
83,7P6_5P3,GAATTCGT,CCTATCCT
84,7P6_5P4,GAATTCGT,GGCTCTGA
85,7P6_5P5,GAATTCGT,AGGCGAAG
86,7P6_5P6,GAATTCGT,TAATCTTA
87,7P6_5P7,GAATTCGT,CAGGACGT
88,7P6_5P8,GAATTCGT,GTACTGAC
89,7P6_5P9,GAATTCGT,TTGCTTGC
90,7P6_5P10,GAATTCGT,GAGAGGTT
91,7P6_5P11,GAATTCGT,ACCTGGTT
92,7P6_5P12,GAATTCGT,AAGCGGAA
93,7P6_5P13,GAATTCGT,CGGAACAA
94,7P6_5P14,GAATTCGT,GGTAAGCT
95,7P6_5P15,GAATTCGT,TGTGGCAT
96,7P6_5P16,GAATTCGT,ACTACGGA
97,7P7_5P1,CTGAAGCT,TATAGCCT
98,7P7_5P2,CTGAAGCT,ATAGAGGC
99,7P7_5P3,CTGAAGCT,CCTATCCT
100,7P7_5P4,CTGAAGCT,GGCTCTGA
101,7P7_5P5,CTGAAGCT,AGGCGAAG
102,7P7_5P6,CTGAAGCT,TAATCTTA
103,7P7_5P7,CTGAAGCT,CAGGACGT
104,7P7_5P8,CTGAAGCT,GTACTGAC
105,7P7_5P9,CTGAAGCT,TTGCTTGC
106,7P7_5P10,CTGAAGCT,GAGAGGTT
107,7P7_5P11,CTGAAGCT,ACCTGGTT
108,7P7_5P12,CTGAAGCT,AAGCGGAA
109,7P7_5P13,CTGAAGCT,CGGAACAA
110,7P7_5P14,CTGAAGCT,GGTAAGCT
111,7P7_5P15,CTGAAGCT,TGTGGCAT
112,7P7_5P16,CTGAAGCT,ACTACGGA
113,7P8_5P1,TAATGCGC,TATAGCCT
114,7P8_5P2,TAATGCGC,ATAGAGGC
115,7P8_5P3,TAATGCGC,CCTATCCT
116,7P8_5P4,TAATGCGC,GGCTCTGA
117,7P8_5P5,TAATGCGC,AGGCGAAG
118,7P8_5P6,TAATGCGC,TAATCTTA
119,7P8_5P7,TAATGCGC,CAGGACGT
120,7P8_5P8,TAATGCGC,GTACTGAC
121,7P8_5P9,TAATGCGC,TTGCTTGC
122,7P8_5P10,TAATGCGC,GAGAGGTT
123,7P8_5P11,TAATGCGC,ACCTGGTT
124,7P8_5P12,TAATGCGC,AAGCGGAA
125,7P8_5P13,TAATGCGC,CGGAACAA
126,7P8_5P14,TAATGCGC,GGTAAGCT
127,7P8_5P15,TAATGCGC,TGTGGCAT
128,7P8_5P16,TAATGCGC,ACTACGGA
129,7P9_5P1,CGGCTATG,TATAGCCT
130,7P9_5P2,CGGCTATG,ATAGAGGC
131,7P9_5P3,CGGCTATG,CCTATCCT
132,7P9_5P4,CGGCTATG,GGCTCTGA
133,7P9_5P5,CGGCTATG,AGGCGAAG
134,7P9_5P6,CGGCTATG,TAATCTTA
135,7P9_5P7,CGGCTATG,CAGGACGT
136,7P9_5P8,CGGCTATG,GTACTGAC
137,7P9_5P9,CGGCTATG,TTGCTTGC
138,7P9_5P10,CGGCTATG,GAGAGGTT
139,7P9_5P11,CGGCTATG,ACCTGGTT
140,7P9_5P12,CGGCTATG,AAGCGGAA
141,7P9_5P13,CGGCTATG,CGGAACAA
142,7P9_5P14,CGGCTATG,GGTAAGCT
143,7P9_5P15,CGGCTATG,TGTGGCAT
144,7P9_5P16,CGGCTATG,ACTACGGA
145,7P10_5P1,TCCGCGAA,TATAGCCT
146,7P10_5P2,TCCGCGAA,ATAGAGGC
147,7P10_5P3,TCCGCGAA,CCTATCCT
148,7P10_5P4,TCCGCGAA,GGCTCTGA
149,7P10_5P5,TCCGCGAA,AGGCGAAG
150,7P10_5P6,TCCGCGAA,TAATCTTA
151,7P10_5P7,TCCGCGAA,CAGGACGT
152,7P10_5P8,TCCGCGAA,GTACTGAC
153,7P10_5P9,TCCGCGAA,TTGCTTGC
154,7P10_5P10,TCCGCGAA,GAGAGGTT
155,7P10_5P11,TCCGCGAA,ACCTGGTT
156,7P10_5P12,TCCGCGAA,AAGCGGAA
157,7P10_5P13,TCCGCGAA,CGGAACAA
158,7P10_5P14,TCCGCGAA,GGTAAGCT
159,7P10_5P15,TCCGCGAA,TGTGGCAT
160,7P10_5P16,TCCGCGAA,ACTACGGA
161,7P11_5P1,TCTCGCGC,TATAGCCT
162,7P11_5P2,TCTCGCGC,ATAGAGGC
163,7P11_5P3,TCTCGCGC,CCTATCCT
164,7P11_5P4,TCTCGCGC,GGCTCTGA
165,7P11_5P5,TCTCGCGC,AGGCGAAG
166,7P11_5P6,TCTCGCGC,TAATCTTA
167,7P11_5P7,TCTCGCGC,CAGGACGT
168,7P11_5P8,TCTCGCGC,GTACTGAC
169,7P11_5P9,TCTCGCGC,TTGCTTGC
170,7P11_5P10,TCTCGCGC,GAGAGGTT
171,7P11_5P11,TCTCGCGC,ACCTGGTT
172,7P11_5P12,TCTCGCGC,AAGCGGAA
173,7P11_5P13,TCTCGCGC,CGGAACAA
174,7P11_5P14,TCTCGCGC,GGTAAGCT
175,7P11_5P15,TCTCGCGC,TGTGGCAT
176,7P11_5P16,TCTCGCGC,ACTACGGA
177,7P12_5P1,AGCGATAG,TATAGCCT
178,7P12_5P2,AGCGATAG,ATAGAGGC
179,7P12_5P3,AGCGATAG,CCTATCCT
180,7P12_5P4,AGCGATAG,GGCTCTGA
181,7P12_5P5,AGCGATAG,AGGCGAAG
182,7P12_5P6,AGCGATAG,TAATCTTA
183,7P12_5P7,AGCGATAG,CAGGACGT
184,7P12_5P8,AGCGATAG,GTACTGAC
185,7P12_5P9,AGCGATAG,TTGCTTGC
186,7P12_5P10,AGCGATAG,GAGAGGTT
187,7P12_5P11,AGCGATAG,ACCTGGTT
188,7P12_5P12,AGCGATAG,AAGCGGAA
189,7P12_5P13,AGCGATAG,CGGAACAA
190,7P12_5P14,AGCGATAG,GGTAAGCT
191,7P12_5P15,AGCGATAG,TGTGGCAT
192,7P12_5P16,AGCGATAG,ACTACGGA
193,7P13_5P1,TTCCTCCT,TATAGCCT
194,7P13_5P2,TTCCTCCT,ATAGAGGC
195,7P13_5P3,TTCCTCCT,CCTATCCT
196,7P13_5P4,TTCCTCCT,GGCTCTGA
197,7P13_5P5,TTCCTCCT,AGGCGAAG
198,7P13_5P6,TTCCTCCT,TAATCTTA
199,7P13_5P7,TTCCTCCT,CAGGACGT
200,7P13_5P8,TTCCTCCT,GTACTGAC
201,7P13_5P9,TTCCTCCT,TTGCTTGC
202,7P13_5P10,TTCCTCCT,GAGAGGTT
203,7P13_5P11,TTCCTCCT,ACCTGGTT
204,7P13_5P12,TTCCTCCT,AAGCGGAA
205,7P13_5P13,TTCCTCCT,CGGAACAA
206,7P13_5P14,TTCCTCCT,GGTAAGCT
207,7P13_5P15,TTCCTCCT,TGTGGCAT
208,7P13_5P16,TTCCTCCT,ACTACGGA
209,7P14_5P1,TGCTTGCT,TATAGCCT
210,7P14_5P2,TGCTTGCT,ATAGAGGC
211,7P14_5P3,TGCTTGCT,CCTATCCT
212,7P14_5P4,TGCTTGCT,GGCTCTGA
213,7P14_5P5,TGCTTGCT,AGGCGAAG
214,7P14_5P6,TGCTTGCT,TAATCTTA
215,7P14_5P7,TGCTTGCT,CAGGACGT
216,7P14_5P8,TGCTTGCT,GTACTGAC
217,7P14_5P9,TGCTTGCT,TTGCTTGC
218,7P14_5P10,TGCTTGCT,GAGAGGTT
219,7P14_5P11,TGCTTGCT,ACCTGGTT
220,7P14_5P12,TGCTTGCT,AAGCGGAA
221,7P14_5P13,TGCTTGCT,CGGAACAA
222,7P14_5P14,TGCTTGCT,GGTAAGCT
223,7P14_5P15,TGCTTGCT,TGTGGCAT
224,7P14_5P16,TGCTTGCT,ACTACGGA
225,7P15_5P1,GGTGATGA,TATAGCCT
226,7P15_5P2,GGTGATGA,ATAGAGGC
227,7P15_5P3,GGTGATGA,CCTATCCT
228,7P15_5P4,GGTGATGA,GGCTCTGA
229,7P15_5P5,GGTGATGA,AGGCGAAG
230,7P15_5P6,GGTGATGA,TAATCTTA
231,7P15_5P7,GGTGATGA,CAGGACGT
232,7P15_5P8,GGTGATGA,GTACTGAC
233,7P15_5P9,GGTGATGA,TTGCTTGC
234,7P15_5P10,GGTGATGA,GAGAGGTT
235,7P15_5P11,GGTGATGA,ACCTGGTT
236,7P15_5P12,GGTGATGA,AAGCGGAA
237,7P15_5P13,GGTGATGA,CGGAACAA
238,7P15_5P14,GGTGATGA,GGTAAGCT
239,7P15_5P15,GGTGATGA,TGTGGCAT
240,7P15_5P16,GGTGATGA,ACTACGGA
241,7P16_5P1,AACCTACG,TATAGCCT
242,7P16_5P2,AACCTACG,ATAGAGGC
243,7P16_5P3,AACCTACG,CCTATCCT
244,7P16_5P4,AACCTACG,GGCTCTGA
245,7P16_5P5,AACCTACG,AGGCGAAG
246,7P16_5P6,AACCTACG,TAATCTTA
247,7P16_5P7,AACCTACG,CAGGACGT
248,7P16_5P8,AACCTACG,GTACTGAC
249,7P16_5P9,AACCTACG,TTGCTTGC
250,7P16_5P10,AACCTACG,GAGAGGTT
251,7P16_5P11,AACCTACG,ACCTGGTT
252,7P16_5P12,AACCTACG,AAGCGGAA
253,7P16_5P13,AACCTACG,CGGAACAA
254,7P16_5P14,AACCTACG,GGTAAGCT
255,7P16_5P15,AACCTACG,TGTGGCAT
256,7P16_5P16,AACCTACG,ACTACGGA
257,7P17_5P1,GGATCTGA,TATAGCCT
258,7P17_5P2,GGATCTGA,ATAGAGGC
259,7P17_5P3,GGATCTGA,CCTATCCT
260,7P17_5P4,GGATCTGA,GGCTCTGA
261,7P17_5P5,GGATCTGA,AGGCGAAG
262,7P17_5P6,GGATCTGA,TAATCTTA
263,7P17_5P7,GGATCTGA,CAGGACGT
264,7P17_5P8,GGATCTGA,GTACTGAC
265,7P17_5P9,GGATCTGA,TTGCTTGC
266,7P17_5P10,GGATCTGA,GAGAGGTT
267,7P17_5P11,GGATCTGA,ACCTGGTT
268,7P17_5P12,GGATCTGA,AAGCGGAA
269,7P17_5P13,GGATCTGA,CGGAACAA
270,7P17_5P14,GGATCTGA,GGTAAGCT
271,7P17_5P15,GGATCTGA,TGTGGCAT
272,7P17_5P16,GGATCTGA,ACTACGGA
273,7P18_5P1,TGATCACG,TATAGCCT
274,7P18_5P2,TGATCACG,ATAGAGGC
275,7P18_5P3,TGATCACG,CCTATCCT
276,7P18_5P4,TGATCACG,GGCTCTGA
277,7P18_5P5,TGATCACG,AGGCGAAG
278,7P18_5P6,TGATCACG,TAATCTTA
279,7P18_5P7,TGATCACG,CAGGACGT
280,7P18_5P8,TGATCACG,GTACTGAC
281,7P18_5P9,TGATCACG,TTGCTTGC
282,7P18_5P10,TGATCACG,GAGAGGTT
283,7P18_5P11,TGATCACG,ACCTGGTT
284,7P18_5P12,TGATCACG,AAGCGGAA
285,7P18_5P13,TGATCACG,CGGAACAA
286,7P18_5P14,TGATCACG,GGTAAGCT
287,7P18_5P15,TGATCACG,TGTGGCAT
288,7P18_5P16,TGATCACG,ACTACGGA
289,7P19_5P1,AAGCGACT,TATAGCCT
290,7P19_5P2,AAGCGACT,ATAGAGGC
291,7P19_5P3,AAGCGACT,CCTATCCT
292,7P19_5P4,AAGCGACT,GGCTCTGA
293,7P19_5P5,AAGCGACT,AGGCGAAG
294,7P19_5P6,AAGCGACT,TAATCTTA
295,7P19_5P7,AAGCGACT,CAGGACGT
296,7P19_5P8,AAGCGACT,GTACTGAC
297,7P19_5P9,AAGCGACT,TTGCTTGC
298,7P19_5P10,AAGCGACT,GAGAGGTT
299,7P19_5P11,AAGCGACT,ACCTGGTT
300,7P19_5P12,AAGCGACT,AAGCGGAA
301,7P19_5P13,AAGCGACT,CGGAACAA
302,7P19_5P14,AAGCGACT,GGTAAGCT
303,7P19_5P15,AAGCGACT,TGTGGCAT
304,7P19_5P16,AAGCGACT,ACTACGGA
305,7P20_5P1,AAGCGTTC,TATAGCCT
306,7P20_5P2,AAGCGTTC,ATAGAGGC
307,7P20_5P3,AAGCGTTC,CCTATCCT
308,7P20_5P4,AAGCGTTC,GGCTCTGA
309,7P20_5P5,AAGCGTTC,AGGCGAAG
310,7P20_5P6,AAGCGTTC,TAATCTTA
311,7P20_5P7,AAGCGTTC,CAGGACGT
312,7P20_5P8,AAGCGTTC,GTACTGAC
313,7P20_5P9,AAGCGTTC,TTGCTTGC
314,7P20_5P10,AAGCGTTC,GAGAGGTT
315,7P20_5P11,AAGCGTTC,ACCTGGTT
316,7P20_5P12,AAGCGTTC,AAGCGGAA
317,7P20_5P13,AAGCGTTC,CGGAACAA
318,7P20_5P14,AAGCGTTC,GGTAAGCT
319,7P20_5P15,AAGCGTTC,TGTGGCAT
320,7P20_5P16,AAGCGTTC,ACTACGGA
321,7P21_5P1,AAGGCGTA,TATAGCCT
322,7P21_5P2,AAGGCGTA,ATAGAGGC
323,7P21_5P3,AAGGCGTA,CCTATCCT
324,7P21_5P4,AAGGCGTA,GGCTCTGA
325,7P21_5P5,AAGGCGTA,AGGCGAAG
326,7P21_5P6,AAGGCGTA,TAATCTTA
327,7P21_5P7,AAGGCGTA,CAGGACGT
328,7P21_5P8,AAGGCGTA,GTACTGAC
329,7P21_5P9,AAGGCGTA,TTGCTTGC
330,7P21_5P10,AAGGCGTA,GAGAGGTT
331,7P21_5P11,AAGGCGTA,ACCTGGTT
332,7P21_5P12,AAGGCGTA,AAGCGGAA
333,7P21_5P13,AAGGCGTA,CGGAACAA
334,7P21_5P14,AAGGCGTA,GGTAAGCT
335,7P21_5P15,AAGGCGTA,TGTGGCAT
336,7P21_5P16,AAGGCGTA,ACTACGGA
337,7P22_5P1,CTGATGAG,TATAGCCT
338,7P22_5P2,CTGATGAG,ATAGAGGC
339,7P22_5P3,CTGATGAG,CCTATCCT
340,7P22_5P4,CTGATGAG,GGCTCTGA
341,7P22_5P5,CTGATGAG,AGGCGAAG
342,7P22_5P6,CTGATGAG,TAATCTTA
343,7P22_5P7,CTGATGAG,CAGGACGT
344,7P22_5P8,CTGATGAG,GTACTGAC
345,7P22_5P9,CTGATGAG,TTGCTTGC
346,7P22_5P10,CTGATGAG,GAGAGGTT
347,7P22_5P11,CTGATGAG,ACCTGGTT
348,7P22_5P12,CTGATGAG,AAGCGGAA
349,7P22_5P13,CTGATGAG,CGGAACAA
350,7P22_5P14,CTGATGAG,GGTAAGCT
351,7P22_5P15,CTGATGAG,TGTGGCAT
352,7P22_5P16,CTGATGAG,ACTACGGA
353,7P23_5P1,GCAGAAGA,TATAGCCT
354,7P23_5P2,GCAGAAGA,ATAGAGGC
355,7P23_5P3,GCAGAAGA,CCTATCCT
356,7P23_5P4,GCAGAAGA,GGCTCTGA
357,7P23_5P5,GCAGAAGA,AGGCGAAG
358,7P23_5P6,GCAGAAGA,TAATCTTA
359,7P23_5P7,GCAGAAGA,CAGGACGT
360,7P23_5P8,GCAGAAGA,GTACTGAC
361,7P23_5P9,GCAGAAGA,TTGCTTGC
362,7P23_5P10,GCAGAAGA,GAGAGGTT
363,7P23_5P11,GCAGAAGA,ACCTGGTT
364,7P23_5P12,GCAGAAGA,AAGCGGAA
365,7P23_5P13,GCAGAAGA,CGGAACAA
366,7P23_5P14,GCAGAAGA,GGTAAGCT
367,7P23_5P15,GCAGAAGA,TGTGGCAT
368,7P23_5P16,GCAGAAGA,ACTACGGA
369,7P24_5P1,AATCCAGC,TATAGCCT
370,7P24_5P2,AATCCAGC,ATAGAGGC
371,7P24_5P3,AATCCAGC,CCTATCCT
372,7P24_5P4,AATCCAGC,GGCTCTGA
373,7P24_5P5,AATCCAGC,AGGCGAAG
374,7P24_5P6,AATCCAGC,TAATCTTA
375,7P24_5P7,AATCCAGC,CAGGACGT
376,7P24_5P8,AATCCAGC,GTACTGAC
377,7P24_5P9,AATCCAGC,TTGCTTGC
378,7P24_5P10,AATCCAGC,GAGAGGTT
379,7P24_5P11,AATCCAGC,ACCTGGTT
380,7P24_5P12,AATCCAGC,AAGCGGAA
381,7P24_5P13,AATCCAGC,CGGAACAA
382,7P24_5P14,AATCCAGC,GGTAAGCT
383,7P24_5P15,AATCCAGC,TGTGGCAT
384,7P24_5P16,AATCCAGC,ACTACGGA
