Number,Id,i7,i5,PlateNumber,Coordinate,WellNumber
1,UDI_0001,TACGCCAAGT,CGGAGCCGAA,1,A1,1
2,UDI_0002,TCCATGACGG,CGGAGACGTT,1,B1,2
3,UDI_0003,AAGTGACTTG,GACGTTTATG,1,C1,3
4,UDI_0004,CCCGCCTGAA,CCGACCACTG,1,D1,4
5,UDI_0005,ACAGGCACAA,ATTAATAAGT,1,E1,5
6,UDI_0006,CTTTCGTCTT,AATAACCGAA,1,F1,6
7,UDI_0007,ACCTTTGGGC,AAGAGAGGTG,1,G1,7
8,UDI_0008,AAGTCGCAAT,ACTCTGAGAC,1,H1,8
9,UDI_0009,GATCGACTAT,CACCTGCTAT,1,A2,9
10,UDI_0010,AGCATAATCT,CCGGTGATAT,1,B2,10
11,UDI_0011,TCTCGCTGAG,CTCGACCAGT,1,C2,11
12,UDI_0012,CTCAGTATTG,CACTGGTGCG,1,D2,12
13,UDI_0013,GTCCAGGGAG,TGGCCGATAC,1,E2,13
14,UDI_0014,AATGAGTCGA,GTCACCATTA,1,F2,14
15,UDI_0015,TCGGTGGAAC,TATACTGCAC,1,G2,15
16,UDI_0016,GAGGCGTCGA,CCGTCGCCAT,1,H2,16
17,UDI_0017,TATATGTCTA,TGGAATCCCA,1,A3,17
18,UDI_0018,CACATACGGA,GTTCAATCAC,1,B3,18
19,UDI_0019,TCACAACGTC,CCCATGAGTA,1,C3,19
20,UDI_0020,GTGGAGCGCT,TTTGTTGAAC,1,D3,20
21,UDI_0021,GATGAGCGAA,AATCCGCGTT,1,E3,21
22,UDI_0022,TTCTCCTATC,TGCATGTACG,1,F3,22
23,UDI_0023,AATTAGATTG,CGCTAAATGC,1,G3,23
24,UDI_0024,TATTATCTAT,TAGCTGTCCA,1,H3,24
25,UDI_0025,TAGAGACCCA,CCATCAGCGG,1,A4,25
26,UDI_0026,GATACTTAGG,AATGCAGGAT,1,B4,26
27,UDI_0027,AGCGATCTTA,AACCCATCAG,1,C4,27
28,UDI_0028,ACATCGTTCT,CGCCTGGATA,1,D4,28
29,UDI_0029,GCTCAGTCGT,CGGGCTTCGT,1,E4,29
30,UDI_0030,CGGTATGGCT,ACCCACACGA,1,F4,30
31,UDI_0031,AGGGCAATGA,AGAATCCTTG,1,G4,31
32,UDI_0032,CGGTGACATG,ACCGGCATCT,1,H4,32
33,UDI_0033,ACGGCCTCCT,TGACCGTTTC,1,A5,33
34,UDI_0034,TTCTCCTCGA,TTAAACAGAC,1,B5,34
35,UDI_0035,GTTGTCATTT,TAAGAGATTT,1,C5,35
36,UDI_0036,AAGACGGCTG,TCTGACCCGT,1,D5,36
37,UDI_0037,AAGTGGCCAC,GAGTCCCATA,1,E5,37
38,UDI_0038,ACCTACAGAC,CATGACTGTG,1,F5,38
39,UDI_0039,TGCCGCCCGC,ATCCTGCCGT,1,G5,39
40,UDI_0040,CGTTTACCCA,TACCTCTAGA,1,H5,40
41,UDI_0041,TACAGAGAAG,CAGTTGGTGT,1,A6,41
42,UDI_0042,GAGGCCGCCA,AGCTAGATAA,1,B6,42
43,UDI_0043,GCGCTATCAA,CATGAATAGT,1,C6,43
44,UDI_0044,CTCCGATGGG,AAAGTTACAA,1,D6,44
45,UDI_0045,TCATCGTGGT,GATGCTGGTC,1,E6,45
46,UDI_0046,TGAAACGACA,GACCTCAACT,1,F6,46
47,UDI_0047,TAATACGTTG,CGCCCTCAAA,1,G6,47
48,UDI_0048,AGGGAGGCTT,CATCACGGTA,1,H6,48
49,UDI_0049,CCAAGGAAAT,CTAATCGGTT,1,A7,49
50,UDI_0050,GAGATCTATG,CGCGCGACCT,1,B7,50
51,UDI_0051,AAACCAATAC,TGAAATTATG,1,C7,51
52,UDI_0052,TGATCACGTA,TGGGACGGTA,1,D7,52
53,UDI_0053,GATGTGAGAT,CCTAAATATA,1,E7,53
54,UDI_0054,TGGTTGGGTC,AAGGACATGC,1,F7,54
55,UDI_0055,GTGCGCATTG,CCAGTGGACA,1,G7,55
56,UDI_0056,CCGAGCAGGC,ATTACGCGTC,1,H7,56
57,UDI_0057,GCGGTTTAGC,CCACGCTACT,1,A8,57
58,UDI_0058,AACCGGTAGC,GAAAGGAGTG,1,B8,58
59,UDI_0059,ACTGCTCATG,TCCTCACAAT,1,C8,59
60,UDI_0060,ATAGTAACAC,ACTGGGATGC,1,D8,60
61,UDI_0061,AGTCTCGGCT,TACTTGCGGA,1,E8,61
62,UDI_0062,GATATCGGAT,TACGTAGGTT,1,F8,62
63,UDI_0063,CCCAGCCGCG,GCCATGGAGT,1,G8,63
64,UDI_0064,CCCTATTCGA,AATACTCACA,1,H8,64
65,UDI_0065,AGCTAAGAAC,TCCGTGGTTC,1,A9,65
66,UDI_0066,CCTAGTGCAG,AATTGCACGT,1,B9,66
67,UDI_0067,TTAACCGCAA,TTAGGATACA,1,C9,67
68,UDI_0068,AACTGATCCG,TAGGTTAATA,1,D9,68
69,UDI_0069,TAATTGAGGT,CACTTGCAGC,1,E9,69
70,UDI_0070,CGCCATCTAT,GACGAGGTTC,1,F9,70
71,UDI_0071,TCCCTTCGTC,TGGTATTGGG,1,G9,71
72,UDI_0072,ACTCTATTAA,CGGTAGTGGA,1,H9,72
73,UDI_0073,GTTTATATCG,TGGTCCGGCT,1,A10,73
74,UDI_0074,GTCCGGTTAC,ATCCACGGTT,1,B10,74
75,UDI_0075,GATGAACTAC,CCACGTGCAT,1,C10,75
76,UDI_0076,CAGAAATCGC,ACAAATTGTA,1,D10,76
77,UDI_0077,GCAATAGCTA,CTAAGGGATG,1,E10,77
78,UDI_0078,AGCACGCAGG,CGGAATGAGT,1,F10,78
79,UDI_0079,AAGAGCTTAT,AAAGCGACTA,1,G10,79
80,UDI_0080,AATGGTGAAT,GTTGAGTAAC,1,H10,80
81,UDI_0081,ACGAGCCAAA,GATTATGCTG,1,A11,81
82,UDI_0082,TTTATAGATC,GAGAATGCGC,1,B11,82
83,UDI_0083,TGGTGGTTTC,TGCATGCAGA,1,C11,83
84,UDI_0084,AGGAATCGCT,TTACCGTCTA,1,D11,84
85,UDI_0085,GAATGTATGT,GAACAGAGTT,1,E11,85
86,UDI_0086,TCTTCCAGTC,CGGAGTTTAT,1,F11,86
87,UDI_0087,CATCCTGTAA,GACCTAAGAA,1,G11,87
88,UDI_0088,AATGGATTGC,CCGCGGTCTG,1,H11,88
89,UDI_0089,GACCGCTCAC,ATGATTCCCT,1,A12,89
90,UDI_0090,CCTCGTCACT,GAGCGTCGTC,1,B12,90
91,UDI_0091,AGTCACGCCA,GACTGCCCTA,1,C12,91
92,UDI_0092,TGTAGGATGG,AACAAACTTG,1,D12,92
93,UDI_0093,AACACAGTCG,AGACATTCTC,1,E12,93
94,UDI_0094,GCGAATGATA,CGTTCATAAG,1,F12,94
95,UDI_0095,GCAAGGAACA,ATCTACCTGT,1,G12,95
96,UDI_0096,CGCATCCCGA,TGGGCTACAG,1,H12,96
97,UDI_0097,CCTGGCTGGA,ACCAGGGACG,2,A1,1
98,UDI_0098,GAATATTAAT,GACCCTACTT,2,B1,2
99,UDI_0099,CTGCCCGTGG,AACTACCGTA,2,C1,3
100,UDI_0100,GCCGTGAGCT,ACAAGGGCAT,2,D1,4
101,UDI_0101,AGGATCGGGC,TTACCTTCAG,2,E1,5
102,UDI_0102,CACTCAGAAA,AGCTGTGTTA,2,F1,6
103,UDI_0103,GCTTCGCAAC,GACCTGGCAC,2,G1,7
104,UDI_0104,TATAATTGTA,GTAGACTGAT,2,H1,8
105,UDI_0105,ACGTGACGGC,CGTAATTGGA,2,A2,9
106,UDI_0106,AACACCCAAT,AGGGTCTTCA,2,B2,10
107,UDI_0107,TAATCTCCTC,ATCGCTTTCT,2,C2,11
108,UDI_0108,TGGGAGCCGG,CCGTATGTTC,2,D2,12
109,UDI_0109,TCTGAGGTGC,ATACTGAGTT,2,E2,13
110,UDI_0110,CACAACGATA,CCTCCCACGT,2,F2,14
111,UDI_0111,GTCCGGCTGG,AACATCCTCT,2,G2,15
112,UDI_0112,TCACAATAAG,CCGGAGCTCA,2,H2,16
113,UDI_0113,GCACACGATA,CGTGAACACA,2,A3,17
114,UDI_0114,AACAACGCGC,AAGCGGAGTG,2,B3,18
115,UDI_0115,GCGTGGCATA,CAGTGGGATG,2,C3,19
116,UDI_0116,GATAATCCTT,CTGATCCCTG,2,D3,20
117,UDI_0117,GAGCAGTTAT,AACCCATTCT,2,E3,21
118,UDI_0118,CAGGCTTGTG,AAGTAAATTA,2,F3,22
119,UDI_0119,ATGCATCGTA,GAGGTCGTTG,2,G3,23
120,UDI_0120,CTTTCGCATC,GATCCCTATC,2,H3,24
121,UDI_0121,GCAGTAAACG,CTGAATGCAT,2,A4,25
122,UDI_0122,GTGACCGCTA,TGTCATACAT,2,B4,26
123,UDI_0123,ATACGCGCGA,CTCGACCTTC,2,C4,27
124,UDI_0124,AGTAGAAGGA,CGTGTATTTC,2,D4,28
125,UDI_0125,CCAATCTAGT,GTTATCTCGG,2,E4,29
126,UDI_0126,AGCAAGACTT,ACCAAGGCGT,2,F4,30
127,UDI_0127,TCCAAAGCGG,ATAAACTTAC,2,G4,31
128,UDI_0128,TCTACAAAGC,ACAGTCGTGA,2,H4,32
129,UDI_0129,CAGATGGGAT,TGGAGTGTTT,2,A5,33
130,UDI_0130,GTCGGCGGAG,GCACTCATTC,2,B5,34
131,UDI_0131,ATTGAGATCG,TCGTTGTATA,2,C5,35
132,UDI_0132,ATTCAAACGC,GTGACTAAGC,2,D5,36
133,UDI_0133,GTGCCCAGAA,TGTGTTAGGC,2,E5,37
134,UDI_0134,CTAGCGGTTC,AGCCGTTCTT,2,F5,38
135,UDI_0135,AGCCACGGAG,TCTTTATTCG,2,G5,39
136,UDI_0136,ATCGGATTAG,AAGAGGCGGG,2,H5,40
137,UDI_0137,GACATATGGG,CAAACACCGG,2,A6,41
138,UDI_0138,AGATCGAATG,GCTCATGAAA,2,B6,42
139,UDI_0139,CTAGTATATA,CCGGGTGAAG,2,C6,43
140,UDI_0140,CCATAATTGT,GCACAAGAGG,2,D6,44
141,UDI_0141,TTACACTCGC,GTAGATTAGA,2,E6,45
142,UDI_0142,CTACCAGGGC,CTCGCATACA,2,F6,46
143,UDI_0143,AGACCATCAC,GTCCGGAGAA,2,G6,47
144,UDI_0144,AGGACCACTT,CTAGGACAAC,2,H6,48
145,UDI_0145,GACAGCAGAA,CAGTCGTGGT,2,A7,49
146,UDI_0146,CCTCTATAAC,CGCTTAACAC,2,B7,50
147,UDI_0147,AGGCTGCAAC,TACCAACTCT,2,C7,51
148,UDI_0148,AACTTCTAGG,GTCACCCATT,2,D7,52
149,UDI_0149,TCGGTCGCTT,CCTTCGGGAA,2,E7,53
150,UDI_0150,ACCACACGTT,CTGGTTGCCT,2,F7,54
151,UDI_0151,CATGTTACAG,TCGGTACCAT,2,G7,55
152,UDI_0152,CAGCGCAACG,AGGATATCCT,2,H7,56
153,UDI_0153,AGAAACGCAC,CTAACATTTC,2,A8,57
154,UDI_0154,AACACTGGGA,TCACACCCAC,2,B8,58
155,UDI_0155,TTGTCGTCTC,ATGGCAGACA,2,C8,59
156,UDI_0156,AGGGAACAAC,CATTTAAGTG,2,D8,60
157,UDI_0157,AAAGTAGGGC,GTGGGATCAG,2,E8,61
158,UDI_0158,CTGTTCGTGC,GCAGTGGTAC,2,F8,62
159,UDI_0159,CAGCGTGTTG,TAATGACAAC,2,G8,63
160,UDI_0160,ACAACGAAGA,AGCATCTTTA,2,H8,64
161,UDI_0161,CATACTACTC,ATGCAACACT,2,A9,65
162,UDI_0162,GTTTCTGTGC,TTTAGAACGC,2,B9,66
163,UDI_0163,TCCGTCTCCT,CGAGGATAGA,2,C9,67
164,UDI_0164,CCTGAGAATA,TTCAATGGAA,2,D9,68
165,UDI_0165,GAGCGCTCTG,TCGTCTTTGG,2,E9,69
166,UDI_0166,AGAGCAGCAT,CTTAGGCCGA,2,F9,70
167,UDI_0167,AAATCCCGAA,GTGGATCCAC,2,G9,71
168,UDI_0168,AGAACACTAC,GTGGTAACGA,2,H9,72
169,UDI_0169,TGCACGTCTC,GCGCGCCTGA,2,A10,73
170,UDI_0170,ACGGTAAAGC,TTTGTCACTA,2,B10,74
171,UDI_0171,CGATCCGCAT,CTAGCTCATG,2,C10,75
172,UDI_0172,TGAGGTAAGA,GCTTGCAGAG,2,D10,76
173,UDI_0173,AACTGCCCGG,CATTGTGACT,2,E10,77
174,UDI_0174,AGTGACTCCG,CCCGACCCAA,2,F10,78
175,UDI_0175,ACGCTTCACG,AAGAAGTGAC,2,G10,79
176,UDI_0176,CAGCTTGGCA,AACCCAGGAA,2,H10,80
177,UDI_0177,ACCGCCTTAG,AGAAGGAGGT,2,A11,81
178,UDI_0178,CCACAGACTC,GTGAATCTCT,2,B11,82
179,UDI_0179,GAACGTGGAT,AACGCGTCTT,2,C11,83
180,UDI_0180,CGAGGACACG,CAAATTAAAT,2,D11,84
181,UDI_0181,AGTTCGGAGG,CACCTATGAC,2,E11,85
182,UDI_0182,TCAGGTGCGA,CTCTGAATTT,2,F11,86
183,UDI_0183,AAAGGTCTGG,GCCTGTTTAC,2,G11,87
184,UDI_0184,GTCATGGCAT,CAGCCGTTAC,2,H11,88
185,UDI_0185,CCCATGAACT,CATTATGCAC,2,A12,89
186,UDI_0186,GTGCGCGCTC,AAACAACGGA,2,B12,90
187,UDI_0187,CGGGTGACGG,AGGAAGAAGT,2,C12,91
188,UDI_0188,GACAGTGGAC,TCCAATCACG,2,D12,92
189,UDI_0189,TGCGAGGATA,ACCCTCCCAC,2,E12,93
190,UDI_0190,ATCCCGCGCA,TCCCTATTGC,2,F12,94
191,UDI_0191,GTACGTTGGA,AATTTCATAG,2,G12,95
192,UDI_0192,AACTAGACAG,CAGGGCATTC,2,H12,96
193,UDI_0193,TGGCAGGGCG,AGACCCTATA,3,A1,1
194,UDI_0194,GAATTATATC,AGTACAGAAT,3,B1,2
195,UDI_0195,ATACGATCAG,TAGGTAATGA,3,C1,3
196,UDI_0196,TCATGTTCCT,TGTAGCCTGT,3,D1,4
197,UDI_0197,AAGGCATATT,AAGTATTGCA,3,E1,5
198,UDI_0198,TAGGTGGTTT,TTATTACCTA,3,F1,6
199,UDI_0199,CCTCGTCTAG,ATAGTCCTGT,3,G1,7
200,UDI_0200,CCACCTGAGG,AGCTTTGCGT,3,H1,8
201,UDI_0201,AAAGGCTAGA,TAACTGAATC,3,A2,9
202,UDI_0202,TGGCGCGGGA,TGACTCTTGC,3,B2,10
203,UDI_0203,CCATTACGTC,TCCCGAAAGA,3,C2,11
204,UDI_0204,GAATTTCTCG,AGTCGCGAGT,3,D2,12
205,UDI_0205,CGGGATGTGG,AAATAACTAA,3,E2,13
206,UDI_0206,CATTCCCTGT,AGGCCCGCAG,3,F2,14
207,UDI_0207,GTGCGAGGTT,TAAGCCCAGG,3,G2,15
208,UDI_0208,TCAACTATCA,GTCAAAGTTT,3,H2,16
209,UDI_0209,TCTTATCACT,GCTGAATCAA,3,A3,17
210,UDI_0210,GAGTTCTGTC,GAGTCCACCG,3,B3,18
211,UDI_0211,CGTATGGGTC,GTGAGGCAGG,3,C3,19
212,UDI_0212,TAAACGAGCA,CGTCAAGATT,3,D3,20
213,UDI_0213,ACTGGTGTGA,TGAATACACT,3,E3,21
214,UDI_0214,GACCACGCTA,ACTTTCCAGT,3,F3,22
215,UDI_0215,CCACCCGCCT,GCTTCCTGTA,3,G3,23
216,UDI_0216,AACGTCCCGA,AGCCTGAGAG,3,H3,24
217,UDI_0217,CTGAATAGCA,TCAATGCACG,3,A4,25
218,UDI_0218,ACCTTTAAGA,TCCCTCGGAT,3,B4,26
219,UDI_0219,ACTGTGAGTT,GATTATAGGT,3,C4,27
220,UDI_0220,CGGCCGCCAC,TGCCCAGGCG,3,D4,28
221,UDI_0221,TACTGTCCAA,TAGCGAGGTA,3,E4,29
222,UDI_0222,GATCGATCGT,GAAGTTGGAA,3,F4,30
223,UDI_0223,CAAGAACCAC,ACAAACGTAA,3,G4,31
224,UDI_0224,AACGCATAGC,TGCGCCTGGT,3,H4,32
225,UDI_0225,ACACCCTCGC,GTAAGGCTGA,3,A5,33
226,UDI_0226,CCGCTGCAGT,CGCCGCAACA,3,B5,34
227,UDI_0227,ATCAACCCTG,GCTTAGGGTG,3,C5,35
228,UDI_0228,AATACCTAAG,TATTACAGAA,3,D5,36
229,UDI_0229,AAGTGTTTAA,GTTGTCTGGT,3,E5,37
230,UDI_0230,CCGCGCAGCA,CATAAGGATC,3,F5,38
231,UDI_0231,GTACTGCAAG,GCGCTCATGT,3,G5,39
232,UDI_0232,AAGGCCGTTC,AGCATGATTG,3,H5,40
233,UDI_0233,AGAGACCCTT,AGGCACTGGA,3,A6,41
234,UDI_0234,GTCGGGTCTT,GACGATTTAG,3,B6,42
235,UDI_0235,CGATAGAGTC,GTAAGAAGAC,3,C6,43
236,UDI_0236,ATAAAGGACT,CGACTACTCT,3,D6,44
237,UDI_0237,TCCGTGAAGC,AAACGATGCG,3,E6,45
238,UDI_0238,TCGTTCGTAA,CCGGTTCGAG,3,F6,46
239,UDI_0239,CAACCTGTGT,GAAAGCTGAG,3,G6,47
240,UDI_0240,TGAAAGTGGA,GTCGCTATGG,3,H6,48
241,UDI_0241,CTTCATCTTA,CGGACCATAC,3,A7,49
242,UDI_0242,TGGCCGGGAT,CCCAGTCATC,3,B7,50
243,UDI_0243,ACGGGTGAGC,GTACGGAAAC,3,C7,51
244,UDI_0244,TTTGGGTGCG,AACGCTTCGG,3,D7,52
245,UDI_0245,ACATCCCGGT,CGGTGCAATA,3,E7,53
246,UDI_0246,AAACAATAGT,TTCAGTAGGT,3,F7,54
247,UDI_0247,CGTGCTCAAG,AGTACGTGTA,3,G7,55
248,UDI_0248,GAGACTCCTC,GACAAGCGCG,3,H7,56
249,UDI_0249,ATTGTGAATA,CGAACATATA,3,A8,57
250,UDI_0250,CATACGGCAT,AACACCTTGC,3,B8,58
251,UDI_0251,AAACGCACAC,AACGGCACAG,3,C8,59
252,UDI_0252,CACGCTTCAA,GTCCGCTACA,3,D8,60
253,UDI_0253,AGACAGTACG,CCGTGACAAT,3,E8,61
254,UDI_0254,AGTCCCTCGT,AAACTATTGA,3,F8,62
255,UDI_0255,CCCGATAATC,TCAATGGTCA,3,G8,63
256,UDI_0256,CTACGTCCAG,GTAGCAGTGT,3,H8,64
257,UDI_0257,TAATAAGCGA,GTTGATTGCT,3,A9,65
258,UDI_0258,ACAACCAGCT,TCATCGTACG,3,B9,66
259,UDI_0259,CAAGATCTGT,TCTACGTTTA,3,C9,67
260,UDI_0260,ATAACCTAGA,TGGAAGTATC,3,D9,68
261,UDI_0261,AACACGAGTC,TTTCTCCCAG,3,E9,69
262,UDI_0262,TGTTTCATCG,GTAGTGAGGG,3,F9,70
263,UDI_0263,CCAGGCTTCG,AAGCACACGG,3,G9,71
264,UDI_0264,AGTCCGCAGA,TAGCTCCGCG,3,H9,72
265,UDI_0265,CTTCTCGCTG,GCTAACCCAT,3,A10,73
266,UDI_0266,AGGGACAAGG,ACGGAGCAGG,3,B10,74
267,UDI_0267,CGAAACATGA,TGCTCGCATG,3,C10,75
268,UDI_0268,GCTCGCCCAC,CGACGCACAA,3,D10,76
269,UDI_0269,TTACCATGGT,AAGAACTAAA,3,E10,77
270,UDI_0270,CGGGCTAGGA,AGCTCGTATC,3,F10,78
271,UDI_0271,TCTGTTCCCT,AAACACACCT,3,G10,79
272,UDI_0272,ACAACTCACT,AGAATGCCAG,3,H10,80
273,UDI_0273,CATGAACTTA,CTAAATCGAT,3,A11,81
274,UDI_0274,CCCTGACCCT,TGGTATGCAC,3,B11,82
275,UDI_0275,CCGCGTTGAC,ACAGATATGA,3,C11,83
276,UDI_0276,CCTATATCTT,ATCCCGTTCG,3,D11,84
277,UDI_0277,CGCTCCGACA,TAGCGTATGG,3,E11,85
278,UDI_0278,CCGGCAGCAG,CGGTTGCAGA,3,F11,86
279,UDI_0279,ACGAATTCCG,AACTTGGATA,3,G11,87
280,UDI_0280,CACAGACCTG,AACTCATCTA,3,H11,88
281,UDI_0281,TACTGCTCTG,AGCAGCTACA,3,A12,89
282,UDI_0282,GCACTCAGCT,ACACCGATTG,3,B12,90
283,UDI_0283,AGAGAAATAT,CGCCTTGAAT,3,C12,91
284,UDI_0284,TCATTCTATG,CCACCTCAAT,3,D12,92
285,UDI_0285,GTAGTAGACA,CGAAAGCCTG,3,E12,93
286,UDI_0286,CGCCCTTCCT,GTCTCTCAGG,3,F12,94
287,UDI_0287,TGAGTAGAGT,ACCATGTTCG,3,G12,95
288,UDI_0288,TTCGCATCTA,ACTCTTGAGG,3,H12,96
289,UDI_0289,GTCGACAACG,TAATAGAATG,4,A1,1
290,UDI_0290,TTACTATAGA,AACGCTCTCA,4,B1,2
291,UDI_0291,GAATTAGGAT,GAGCGTTTAG,4,C1,3
292,UDI_0292,AAATACGCAG,CGCCTATCTC,4,D1,4
293,UDI_0293,CGGCGTACAC,ACGTATACAA,4,E1,5
294,UDI_0294,GAAAGGATAA,CGATAACAGA,4,F1,6
295,UDI_0295,GAAGACCTTC,ACCATAAGAA,4,G1,7
296,UDI_0296,GTGGATTTAT,ACACCCAGTC,4,H1,8
297,UDI_0297,ACATTGATTA,ACTGAACCAC,4,A2,9
298,UDI_0298,AAAGGGATGA,ACATTAAAGT,4,B2,10
299,UDI_0299,AATCATAAAT,CCAGCGATCA,4,C2,11
300,UDI_0300,ATGAATCACA,AGTCAATGTC,4,D2,12
301,UDI_0301,AAATATCCAC,TCCATTCCGA,4,E2,13
302,UDI_0302,TTCTTTGGGT,GCTCGGTGTT,4,F2,14
303,UDI_0303,TCGTGCAGCG,TTGCCTTAAC,4,G2,15
304,UDI_0304,TCATGCCCTA,GCCGTTAAGG,4,H2,16
305,UDI_0305,AAAGAATGTA,CAACCACTAT,4,A3,17
306,UDI_0306,GATGTGTAGT,AGCCTATAGC,4,B3,18
307,UDI_0307,AAACACGTAC,GCCAGTTCGG,4,C3,19
308,UDI_0308,AACTCTCGAT,ACTTATCGTG,4,D3,20
309,UDI_0309,AGGAACTCCA,GACCCTAAGG,4,E3,21
310,UDI_0310,AGCGGTAACT,ACACTGGACT,4,F3,22
311,UDI_0311,CTGTAGCCGG,CTTTACATTT,4,G3,23
312,UDI_0312,TCTACCTGGT,GCCGCCGCTA,4,H3,24
313,UDI_0313,ACCTCACCGT,GCTTGGGAAG,4,A4,25
314,UDI_0314,CGCAGTGATA,GTCGAGGTGT,4,B4,26
315,UDI_0315,TATGGTGGAA,CGGTTTGTTT,4,C4,27
316,UDI_0316,ACATTGCCTT,GAGTTATCGA,4,D4,28
317,UDI_0317,TTCCGCGCAT,TGGCTATAAC,4,E4,29
318,UDI_0318,GCATGGAGGG,AAGTCAGATG,4,F4,30
319,UDI_0319,TTCGGATCGG,GAAGGACCGT,4,G4,31
320,UDI_0320,AGCGTTGCCA,AGCGCGGGTC,4,H4,32
321,UDI_0321,GTTACTGGTG,ATAGTTGAGA,4,A5,33
322,UDI_0322,GAGGCGCTCT,GAGTGGCTGA,4,B5,34
323,UDI_0323,TTAGGCAGGA,TGTATATCAA,4,C5,35
324,UDI_0324,ACGCCAATGC,AAAGTACGTT,4,D5,36
325,UDI_0325,GCACGGTTCT,AATCTAACAG,4,E5,37
326,UDI_0326,CCAAGATTTA,GCAAAGACGT,4,F5,38
327,UDI_0327,ACAGCGAATT,GATTCCGTCA,4,G5,39
328,UDI_0328,ATCCACATGG,GAGGAGCCAG,4,H5,40
329,UDI_0329,TGACAGCCGT,AGAATCCCGC,4,A6,41
330,UDI_0330,AATCAGCATA,AGAGTGGTTC,4,B6,42
331,UDI_0331,ATAACTGCAG,CTTCGTACGG,4,C6,43
332,UDI_0332,GCGGATATTT,ACCGTATTAT,4,D6,44
333,UDI_0333,CTGACCCTTA,AACTGTATTT,4,E6,45
334,UDI_0334,TCCTAAGTGA,GCCTTACCAC,4,F6,46
335,UDI_0335,AGCGAACAGG,ACCATATAGT,4,G6,47
336,UDI_0336,CTCAGGACAT,ATGAAGGTCG,4,H6,48
337,UDI_0337,GCCTAAATCA,AAGAATCTAT,4,A7,49
338,UDI_0338,ATTCCGGGCT,AGTGGTTTAG,4,B7,50
339,UDI_0339,ACGTTCAATT,AGCTCGCTAC,4,C7,51
340,UDI_0340,ATAGGAGTGG,CCACTGGTTA,4,D7,52
341,UDI_0341,GACGATTCTT,AGGTCATCGA,4,E7,53
342,UDI_0342,CTCCACGGAC,CACCACCTAC,4,F7,54
343,UDI_0343,GCCCGATGGA,TCTTGTACGG,4,G7,55
344,UDI_0344,GAAGTTCCGG,CGACAATGGA,4,H7,56
345,UDI_0345,CAGTAGCTAT,TTATGGTCAT,4,A8,57
346,UDI_0346,AACAGGACGG,ATAATATATC,4,B8,58
347,UDI_0347,AAACGAGAGG,TAGACGCTAG,4,C8,59
348,UDI_0348,TTGACCCGGT,CGCCTCTCAT,4,D8,60
349,UDI_0349,GATGATTGAC,TGGTCATATG,4,E8,61
350,UDI_0350,ACACACGTCT,TAGGAGACAA,4,F8,62
351,UDI_0351,ACATCCATGA,GATGTCCCTT,4,G8,63
352,UDI_0352,AATGTCGCGG,TGGACTACGC,4,H8,64
353,UDI_0353,CAGAGCCCGG,GCAACGTGTA,4,A9,65
354,UDI_0354,CCCGCGATGC,TCCAAAGTTC,4,B9,66
355,UDI_0355,AATCCCGACT,GCCTTGACGC,4,C9,67
356,UDI_0356,TGTCTAGGGT,ACATTTGATC,4,D9,68
357,UDI_0357,TTTCGCGTAG,GTCCGAGTTA,4,E9,69
358,UDI_0358,GTGTGGTTCT,CATAACATGG,4,F9,70
359,UDI_0359,CCGCCCGGAC,GAGCGTTCGC,4,G9,71
360,UDI_0360,CTGCACCTTG,CGACTGACCA,4,H9,72
361,UDI_0361,TGGAACTTGG,GAGCCGCGCA,4,A10,73
362,UDI_0362,ATTCCGTCCA,GCGTTACCTA,4,B10,74
363,UDI_0363,TAGCGATAGC,TGGCGCTGTC,4,C10,75
364,UDI_0364,TTAGCCAGTG,ATGGGTCTCG,4,D10,76
365,UDI_0365,TTGGTGCCAC,TTGTGTCAAC,4,E10,77
366,UDI_0366,AGCAGTGCAG,AGCCGGATCA,4,F10,78
367,UDI_0367,TATAGGACAG,CATCCGACTT,4,G10,79
368,UDI_0368,AAATAATGAC,ACCCTGAGGT,4,H10,80
369,UDI_0369,ACTAGTAGGC,AACTCTACAA,4,A11,81
370,UDI_0370,GTAACACCAG,TGACGACCTA,4,B11,82
371,UDI_0371,ACGCAACTCA,GACTTAAGTT,4,C11,83
372,UDI_0372,GTACATGGAA,AGCGTAAACG,4,D11,84
373,UDI_0373,AACTGGGCAT,TAGGGACAGT,4,E11,85
374,UDI_0374,TGTGCTTGCT,CCGGACATTG,4,F11,86
375,UDI_0375,TAGTTGTTAT,ATCTTATGAC,4,G11,87
376,UDI_0376,ATTAGGTATG,ACAAACCTGT,4,H11,88
377,UDI_0377,CTAGCCCACA,GAGAATCGGT,4,A12,89
378,UDI_0378,GAGTTGACAT,CTCAATTACT,4,B12,90
379,UDI_0379,AAGACGTGTT,TATTGCTATA,4,C12,91
380,UDI_0380,TCGCCGTTAT,TCCATAAGTT,4,D12,92
381,UDI_0381,ACAATTCAGC,CGAGCAACGG,4,E12,93
382,UDI_0382,ATAGAATTCT,CGCCACAAGG,4,F12,94
383,UDI_0383,GAGAGTGTAT,TTTATCTTCG,4,G12,95
384,UDI_0384,GCGGCCTATC,CGCCTTATAG,4,H12,96
385,UDI_0385,GAACCTGATG,AGCATATTAG,5,A1,1
386,UDI_0386,ATAGAAGAAG,TAGCTGCAAT,5,B1,2
387,UDI_0387,GCCTCGAGAG,TCCAAAGGCT,5,C1,3
388,UDI_0388,CAGGAGTGTT,GTTACTAACG,5,D1,4
389,UDI_0389,GTTGCGGTGA,CTCCGACATG,5,E1,5
390,UDI_0390,CCACTCGAGC,GAAGAGTCCT,5,F1,6
391,UDI_0391,GTGAAGAGTA,GCCACTTATT,5,G1,7
392,UDI_0392,GCCAGGTGCA,TTGCTACTGA,5,H1,8
393,UDI_0393,GCTCCGCTTC,TGGGTTGCGC,5,A2,9
394,UDI_0394,ACGCACGCTA,CATATAACCT,5,B2,10
395,UDI_0395,CACTCTCTTA,GTATCGGGTT,5,C2,11
396,UDI_0396,ATAAGGAATC,CAGTACACCT,5,D2,12
397,UDI_0397,TCGTGCCGTT,GCTATGTTAG,5,E2,13
398,UDI_0398,AGGTAGTGCT,CTGTGATTGG,5,F2,14
399,UDI_0399,TCGGATGCCT,CTCGCCTAAC,5,G2,15
400,UDI_0400,ATGGCGTAAG,GTAGAAATGG,5,H2,16
401,UDI_0401,GATCCTCGAT,TATACAACGT,5,A3,17
402,UDI_0402,AGGCGCAGTA,ACCAATCCAA,5,B3,18
403,UDI_0403,CTAGACATTA,ATATTTGGCA,5,C3,19
404,UDI_0404,GTTAGGCTCG,ACGACTACAT,5,D3,20
405,UDI_0405,TAAGAGCAAC,TCGCCGCAGG,5,E3,21
406,UDI_0406,CGGCGTGGGC,TAAAGAGCCG,5,F3,22
407,UDI_0407,AGGATGTGCG,GCTACACGAC,5,G3,23
408,UDI_0408,TATTCCCAAG,ACGGGAAATA,5,H3,24
409,UDI_0409,AATGCGGCTC,TCAATGCCTA,5,A4,25
410,UDI_0410,CTCCCTCATT,CCGTAATAGA,5,B4,26
411,UDI_0411,TAACGGTCGC,CCCGGGATTT,5,C4,27
412,UDI_0412,GCGCGGAATC,GTAGTTACGC,5,D4,28
413,UDI_0413,ACGGGCGTCG,TTTCTGGCAC,5,E4,29
414,UDI_0414,TGTTCCACAT,ACATGAGGCG,5,F4,30
415,UDI_0415,TGAACGACTT,TCGGAAGAGT,5,G4,31
416,UDI_0416,AGCGAGGCGA,GACGATACCA,5,H4,32
417,UDI_0417,CTCTCCGGTC,TCTCGGCTGG,5,A5,33
418,UDI_0418,TCACCTTTCG,GCGTAGCGGT,5,B5,34
419,UDI_0419,GACCAGATTG,CAGTTCGCAT,5,C5,35
420,UDI_0420,AGTGTGCCAA,ATGACTGCTC,5,D5,36
421,UDI_0421,GAGCTCAGAC,GACTCAGTGA,5,E5,37
422,UDI_0422,TAAGAGGACT,CAACCCAGAT,5,F5,38
423,UDI_0423,TAACTACAGC,CGCCGCCGGA,5,G5,39
424,UDI_0424,GCGCCAAGAT,CACAATTTCG,5,H5,40
425,UDI_0425,TACGCGTATC,TGGCACATCA,5,A6,41
426,UDI_0426,AAGCCTTGCT,AGGAAACTAG,5,B6,42
427,UDI_0427,ATACCTTAGC,GAGGTCAAGA,5,C6,43
428,UDI_0428,GCGAGACCGA,TTGTAAGTGC,5,D6,44
429,UDI_0429,CCCACGACAA,AGGCTTACAA,5,E6,45
430,UDI_0430,GTATAGCCGA,ATAGTACTTA,5,F6,46
431,UDI_0431,CACCACTTGA,AGGCTCGTAC,5,G6,47
432,UDI_0432,ATAAACACTA,CACTTGTGAA,5,H6,48
433,UDI_0433,TCTCTCGGCG,CAGCCGGCAG,5,A7,49
434,UDI_0434,CATGGGTCGT,GTGGCCTGGA,5,B7,50
435,UDI_0435,AGAAACTGGC,TATACACTGG,5,C7,51
436,UDI_0436,ACAGGTTTGT,AAAGTCCCAC,5,D7,52
437,UDI_0437,GTTGTTCCGA,ACCGCCCTGT,5,E7,53
438,UDI_0438,ACTCCTAGCG,GAAACTCTTA,5,F7,54
439,UDI_0439,CACCCAATGT,ATGAAATAAC,5,G7,55
440,UDI_0440,ACCAAGTGCT,TCAGAGGTTA,5,H7,56
441,UDI_0441,TCTCATCAAG,CCGATTACGA,5,A8,57
442,UDI_0442,TATATCCAAA,AATGGACGAG,5,B8,58
443,UDI_0443,GTGGCCGAGG,ACGAGGTGAT,5,C8,59
444,UDI_0444,GAAAGAGCAC,TGATATAAGG,5,D8,60
445,UDI_0445,ACACAAGGGT,CGATGTCGGT,5,E8,61
446,UDI_0446,CTGGAGGGAG,GCTTGATAGC,5,F8,62
447,UDI_0447,AACAGGGTCT,ACCCGCGCAA,5,G8,63
448,UDI_0448,TGGCTGAGCA,AGGCGGAGAC,5,H8,64
449,UDI_0449,ATGCCATTGT,CCGATGCATG,5,A9,65
450,UDI_0450,CGGGACCGCG,CTCCGTTCAC,5,B9,66
451,UDI_0451,AAGACAACTA,ATCATCTCCG,5,C9,67
452,UDI_0452,CCTAGTTGTG,CGCAGGGTGC,5,D9,68
453,UDI_0453,TCGCCTGGCG,TTGTCTAGTA,5,E9,69
454,UDI_0454,CATGCTGACG,TTTGATTCCG,5,F9,70
455,UDI_0455,GTGTCGCAGA,GCTTGTCCCG,5,G9,71
456,UDI_0456,ATGATGTTTG,CTCTGGTGAC,5,H9,72
457,UDI_0457,GTTGAACGAG,TGCGCATAGA,5,A10,73
458,UDI_0458,TGGCAGTAAT,CTGCTACCGG,5,B10,74
459,UDI_0459,GCGACGTCGC,CAAGACATCT,5,C10,75
460,UDI_0460,GCAAGTGGAA,CTAGGGTTTA,5,D10,76
461,UDI_0461,GCATCATTGA,CAGACCTTCT,5,E10,77
462,UDI_0462,AAGGAGTACG,TACGTTCTCG,5,F10,78
463,UDI_0463,TAACGGTATA,CCGAGAGACA,5,G10,79
464,UDI_0464,AAAGACCCGG,TCTCAAACTC,5,H10,80
465,UDI_0465,CCGGGCACGG,GTGGCGTGTT,5,A11,81
466,UDI_0466,CATCAAGGGC,GAGAGGGATA,5,B11,82
467,UDI_0467,AGCCTTCATC,AGACCTGTCT,5,C11,83
468,UDI_0468,TTTATCGGGC,GTCGCAGCGG,5,D11,84
469,UDI_0469,CCCGGACAAG,CACGGTACTG,5,E11,85
470,UDI_0470,GTTGGACCTA,TTCACCTACA,5,F11,86
471,UDI_0471,ATTCTTCGTG,GATACTAGAG,5,G11,87
472,UDI_0472,AGTTTAGCGA,ACATAACCTG,5,H11,88
473,UDI_0473,ACAATCCATT,GAGTTGGCTA,5,A12,89
474,UDI_0474,TTAAATGTCA,CAACACCCGT,5,B12,90
475,UDI_0475,CGTACCGAGT,CCGCGCCATG,5,C12,91
476,UDI_0476,CGACGGTCAG,GAACATCTAT,5,D12,92
477,UDI_0477,ACAAGGACGC,AGTAAGACCG,5,E12,93
478,UDI_0478,GTCTTGGTAA,ACACTTGTCA,5,F12,94
479,UDI_0479,TGCTTAAAGA,AGACTTCGCT,5,G12,95
480,UDI_0480,CATTCGGTTC,CGGATCGCTC,5,H12,96
481,UDI_0481,CGTGACGAGG,CGTGCTGTAT,6,A1,1
482,UDI_0482,TGCACTTCCG,CGCTTTGTAC,6,B1,2
483,UDI_0483,AAACTTGTTG,CCGAGATTGC,6,C1,3
484,UDI_0484,GACTCCAACA,CGATAGTCCT,6,D1,4
485,UDI_0485,AGAAGCGTAG,GTAACAGTAC,6,E1,5
486,UDI_0486,ACGCATTCAC,GCCCATAAAT,6,F1,6
487,UDI_0487,TAAAGCAATG,GTCCCTCGAA,6,G1,7
488,UDI_0488,CGTCCAGTTC,TCTAGGTCAC,6,H1,8
489,UDI_0489,TTGGAGAAAC,AAACGCTTGC,6,A2,9
490,UDI_0490,AGCACGTCAG,TGGAGCATAG,6,B2,10
491,UDI_0491,ATAAAGCGAA,TGTTCCGCGA,6,C2,11
492,UDI_0492,ATGGATGGGT,GCCCATTTCT,6,D2,12
493,UDI_0493,GTGCTGGGCA,TGATTGAACA,6,E2,13
494,UDI_0494,ACGTTAGCCG,AGATTGTAAG,6,F2,14
495,UDI_0495,CGTTAGTTCA,ACAGGCAGTG,6,G2,15
496,UDI_0496,CAAACCCTAA,AACCCTTAGA,6,H2,16
497,UDI_0497,CTTCTGCGAC,CCATGATGAG,6,A3,17
498,UDI_0498,CTTAGTGACA,AGTACAAGCT,6,B3,18
499,UDI_0499,TCACAGAGTA,CCGCATCAAC,6,C3,19
500,UDI_0500,TGCGACCAGA,AGGCAAGAAA,6,D3,20
501,UDI_0501,GACACAGGGC,CAATTACCAA,6,E3,21
502,UDI_0502,ACCCATCTTT,AATCGAAGAC,6,F3,22
503,UDI_0503,ATTAGATGGC,GAGCCGTCCT,6,G3,23
504,UDI_0504,GATACGGGCA,CTTCGGCCCT,6,H3,24
505,UDI_0505,TTAGGTTATG,ACCACATGGG,6,A4,25
506,UDI_0506,CCACCGGATT,CGATGAGCAG,6,B4,26
507,UDI_0507,GTGTAAGCGG,ACTACCAGTG,6,C4,27
508,UDI_0508,GCCTATACTC,ACGCGGGCGC,6,D4,28
509,UDI_0509,CCGGTTTACT,CCATGTTAGC,6,E4,29
510,UDI_0510,ATAGAGTGCG,ACACAATTAT,6,F4,30
511,UDI_0511,AAACCACGCT,CGTATGACGT,6,G4,31
512,UDI_0512,ACCCAGGAGC,CACGAGTTGG,6,H4,32
513,UDI_0513,TTCGCTACTG,GCATTCAGTG,6,A5,33
514,UDI_0514,CTAGGGCCGC,AACAGAGCCA,6,B5,34
515,UDI_0515,CTACACGCTT,TGCATTATGA,6,C5,35
516,UDI_0516,TTCCTTTAAT,CCGCTATGGG,6,D5,36
517,UDI_0517,AGATTTACTG,GTTCGCCTTA,6,E5,37
518,UDI_0518,GACCGCGAAG,ACAGGTCAGA,6,F5,38
519,UDI_0519,GTTCCAATCG,CCATGAACAC,6,G5,39
520,UDI_0520,ACAGACAATA,CCTGGAGGTG,6,H5,40
521,UDI_0521,CATTTCCGTC,ATAACTAGGT,6,A6,41
522,UDI_0522,GTGGACTCGT,CGCTTCGAGT,6,B6,42
523,UDI_0523,GTAGCGCTCA,ACCTATATGC,6,C6,43
524,UDI_0524,AAGACAGAAA,GTTACAAAGT,6,D6,44
525,UDI_0525,TTCCGCATGA,GCCTTCAAAC,6,E6,45
526,UDI_0526,AGAATTCGGG,CAGAGGCAGA,6,F6,46
527,UDI_0527,GATTTGGACT,GAGCCATCAC,6,G6,47
528,UDI_0528,AGTTTGGAAC,AGTGCCATAG,6,H6,48
529,UDI_0529,TGGAAATCCG,CTTTGGGTTG,6,A7,49
530,UDI_0530,TCAATTTAAG,TCTTGATGAA,6,B7,50
531,UDI_0531,TCTCCCGGAA,AATGGCGTAG,6,C7,51
532,UDI_0532,ATGGTTATGT,CGTACTTCTT,6,D7,52
533,UDI_0533,CGCGTGTGAC,TTAGTTTGGA,6,E7,53
534,UDI_0534,TAGACATGAT,ACCCGTCAAA,6,F7,54
535,UDI_0535,AGTAAAGAGC,CAGCCTCAGA,6,G7,55
536,UDI_0536,AGGCATTGCG,AGACTACATT,6,H7,56
537,UDI_0537,TAAGAGGCAG,CTCGTCCCGC,6,A8,57
538,UDI_0538,TTTAATCGGT,CCTTTGTGTG,6,B8,58
539,UDI_0539,AGCTGTCCTG,CATGTAAGAC,6,C8,59
540,UDI_0540,CGACATAAAG,AATCATAGTG,6,D8,60
541,UDI_0541,ACACGCCGCA,AGATCTGAGA,6,E8,61
542,UDI_0542,GACCGAACCT,CAGCATGTAT,6,F8,62
543,UDI_0543,TGTTATTATT,TCCACCGAGA,6,G8,63
544,UDI_0544,AAACGCCAGT,CCCACTCCCG,6,H8,64
545,UDI_0545,GCCAGGAGAT,ACTCATAGGA,6,A9,65
546,UDI_0546,CAGTTCAAGC,CCAAGACCAA,6,B9,66
547,UDI_0547,TCAATCCGGT,GACTGGGCTG,6,C9,67
548,UDI_0548,CGTAGTAGTA,AACATTCCTT,6,D9,68
549,UDI_0549,GCGAGGCACT,CCCGATGCAC,6,E9,69
550,UDI_0550,ACATGCCCAT,AATAAGAAGG,6,F9,70
551,UDI_0551,TACGGCGCGA,CTTAAGACTG,6,G9,71
552,UDI_0552,CAAATAGATG,TTACGAACGA,6,H9,72
553,UDI_0553,CACAGCTTAC,GCTAACCGGG,6,A10,73
554,UDI_0554,GAGCAAAGTA,TGGCGAACAT,6,B10,74
555,UDI_0555,TTCTTGTAAC,TCGGGACCTC,6,C10,75
556,UDI_0556,CAATCTGATT,TGTGTTCGAG,6,D10,76
557,UDI_0557,ATATCCATCT,TCGCTACTAC,6,E10,77
558,UDI_0558,ACTATCCCGG,CATATGTGTT,6,F10,78
559,UDI_0559,AACACCTATA,GAATCTTATA,6,G10,79
560,UDI_0560,ACGCACATTT,ATGAACACAC,6,H10,80
561,UDI_0561,GCAAACTATT,GTAGTTCTAG,6,A11,81
562,UDI_0562,AACCTCTAAC,CCGCTCACTT,6,B11,82
563,UDI_0563,CGTATTCGAT,GACCGGGATC,6,C11,83
564,UDI_0564,AACGGTTACA,GTCCTCAGGT,6,D11,84
565,UDI_0565,TGTAACAAGA,TGCTCAACAG,6,E11,85
566,UDI_0566,TCCGAGGAAG,CTCACTACAG,6,F11,86
567,UDI_0567,GCTCGAGGCA,CTTCCGATGG,6,G11,87
568,UDI_0568,AACATACTAC,CGACACGAAA,6,H11,88
569,UDI_0569,GTTAGCGATT,CCATCTCTTG,6,A12,89
570,UDI_0570,GCCCTATATG,CCTTAGATGT,6,B12,90
571,UDI_0571,TATTTCGCTA,GCCCAGACGG,6,C12,91
572,UDI_0572,CTAGTTAGTT,TGACTAACGG,6,D12,92
573,UDI_0573,CACGGATCAG,CATTCAACCG,6,E12,93
574,UDI_0574,TCATCCGAAA,AGTGGGTTGA,6,F12,94
575,UDI_0575,TGAGCGCTTA,ATTCTGCTCA,6,G12,95
576,UDI_0576,ACACGGAATA,ATTGGAACGA,6,H12,96
577,UDI_0577,CTCCTAATAT,AGCGGCAGCG,7,A1,1
578,UDI_0578,CCACCCTCTG,TCCCTGCTCA,7,B1,2
579,UDI_0579,CAGATCGAAA,GTAAGGTACG,7,C1,3
580,UDI_0580,GCTAGTTTAT,TAGAGATAAA,7,D1,4
581,UDI_0581,CGAATTGCCT,GAAATACCTT,7,E1,5
582,UDI_0582,GCAAGCGATC,GCGCAGAAGT,7,F1,6
583,UDI_0583,CCGCAGGAGA,AATCTCATCT,7,G1,7
584,UDI_0584,TACGTATCGA,ACATAGCTAT,7,H1,8
585,UDI_0585,AATTAAGAGG,TGCCGGGTAC,7,A2,9
586,UDI_0586,ATGCCTCTTT,TATTTGTCAG,7,B2,10
587,UDI_0587,ACCCAATAAA,AGGCAAATAC,7,C2,11
588,UDI_0588,AGGCGTTTGA,GTCTTGAGAC,7,D2,12
589,UDI_0589,ATGTCGGATA,TGTGAACTCG,7,E2,13
590,UDI_0590,ACAAAGTTAG,GCCTAGTCTG,7,F2,14
591,UDI_0591,CGTGGGCAAT,GAACGACACT,7,G2,15
592,UDI_0592,GAAACCTAAT,AAGACCTCTC,7,H2,16
593,UDI_0593,CCGCCTAGTC,TGGCAAGCAG,7,A3,17
594,UDI_0594,AGCAAATTGC,CGAGCCTAAA,7,B3,18
595,UDI_0595,CCAGGAAATG,TTCAATCCCT,7,C3,19
596,UDI_0596,TAGTATTGTT,CAAATGCTTC,7,D3,20
597,UDI_0597,ACGGTCGGCT,TATCGCGGCA,7,E3,21
598,UDI_0598,TATGCGGTCG,TAGAGTTCTC,7,F3,22
599,UDI_0599,TTGGATCAAG,TTGAGAATGT,7,G3,23
600,UDI_0600,AAACGTGCTC,GTGTGGTAGC,7,H3,24
601,UDI_0601,TGGCCTGCGT,TACCTTCCGT,7,A4,25
602,UDI_0602,TCTTAAATAC,CCTCAAATGC,7,B4,26
603,UDI_0603,CATCTGCCTC,GCGATACTCT,7,C4,27
604,UDI_0604,AAGGGAAGCG,TGCTAAAGAT,7,D4,28
605,UDI_0605,CCCAGTAACG,AGGGTAACCA,7,E4,29
606,UDI_0606,ATCCCAGCTA,GACTAACACG,7,F4,30
607,UDI_0607,TCATCGCGAA,CCGACACGAT,7,G4,31
608,UDI_0608,CACCCGCGAA,ACCCGGTCTC,7,H4,32
609,UDI_0609,CTAGTAATAA,CCGTGCCTGG,7,A5,33
610,UDI_0610,TGCGTCTTCG,ACATCATTAG,7,B5,34
611,UDI_0611,TGGTCCAGGG,CTACCATAAT,7,C5,35
612,UDI_0612,GACAGAAAGT,CACGTCAACG,7,D5,36
613,UDI_0613,ACATGTGACA,TACTAAGATC,7,E5,37
614,UDI_0614,GTAGAGTCTA,GCGTTTGATG,7,F5,38
615,UDI_0615,CGCTATACGT,AGTTATGCAG,7,G5,39
616,UDI_0616,CCACGTAGGA,AACAAGATGC,7,H5,40
617,UDI_0617,TTCCTAGTAC,AAGAAGGCAT,7,A6,41
618,UDI_0618,TTAAGAGGTC,ATGTTTCATG,7,B6,42
619,UDI_0619,CCCTCAATTA,TCACGGCATT,7,C6,43
620,UDI_0620,CCGACTGATT,AGCGCACGAT,7,D6,44
621,UDI_0621,AACGTGTGCG,CAGAGGACCA,7,E6,45
622,UDI_0622,AAGGCTGCAT,CCTACAGTTT,7,F6,46
623,UDI_0623,GTCATGAGCG,AAGAGGGTAC,7,G6,47
624,UDI_0624,TACTTCTTAA,ATCCTCACAG,7,H6,48
625,UDI_0625,CTTTCTGTCT,CGATTACTGC,7,A7,49
626,UDI_0626,CCTCAATCGA,GCCGTACGGC,7,B7,50
627,UDI_0627,TGGCCACTTG,ACATCGTATA,7,C7,51
628,UDI_0628,CGGCCAGTCT,ATAAGCACAG,7,D7,52
629,UDI_0629,CCCATAATCA,AATAGATGTT,7,E7,53
630,UDI_0630,GATTATAACA,CGGTGCGCAA,7,F7,54
631,UDI_0631,TCGTTGGGAG,ATATAGCACG,7,G7,55
632,UDI_0632,ACACTACGAC,GCGACAACCG,7,H7,56
633,UDI_0633,GCTCCGCCGA,TAAAGCCGCT,7,A8,57
634,UDI_0634,TGCCTGTTAT,GCCCATGGGC,7,B8,58
635,UDI_0635,AAGCATACTA,ATTGACCACA,7,C8,59
636,UDI_0636,GCACCCTAAC,CAACGACGGG,7,D8,60
637,UDI_0637,GCCAGCCAGA,CCAAATTGAG,7,E8,61
638,UDI_0638,AATCGCTCGG,CCAAACTGCT,7,F8,62
639,UDI_0639,TATAACACGC,ACAACCGCGA,7,G8,63
640,UDI_0640,AATAGAGATA,AGGGCCGCGT,7,H8,64
641,UDI_0641,CGTGGAACAG,CCGAACAGCG,7,A9,65
642,UDI_0642,AATCTCGGTC,GCATACACCT,7,B9,66
643,UDI_0643,AAAGCCAATG,ATTAGACTTA,7,C9,67
644,UDI_0644,AGAAAGTGAT,GTCCAAAGGA,7,D9,68
645,UDI_0645,GCCAAACCTG,CCTCGGCCAA,7,E9,69
646,UDI_0646,GCGCCCGATG,TCGACGATCG,7,F9,70
647,UDI_0647,ACACCGTCAA,CATCTCACCA,7,G9,71
648,UDI_0648,CCGGCTCTGA,TACGAACAAG,7,H9,72
649,UDI_0649,CAGTTAGGAG,GTATGTTCAG,7,A10,73
650,UDI_0650,GATCCATGAA,TTAATTTGAT,7,B10,74
651,UDI_0651,AAACTGTCTA,TATGCGGGTT,7,C10,75
652,UDI_0652,GTTGACAGAA,TACACGCATT,7,D10,76
653,UDI_0653,CTTTCCATAG,CAAAGAAAGG,7,E10,77
654,UDI_0654,CAGTCCTGCA,ACAGGCTTTC,7,F10,78
655,UDI_0655,CGTGATTATA,ATATTACGGT,7,G10,79
656,UDI_0656,ATCAGGGCTG,ACGCTGTTAG,7,H10,80
657,UDI_0657,CCCGGTAGAA,GACGAACAGA,7,A11,81
658,UDI_0658,CTGCAGAGAC,TACTAAATGT,7,B11,82
659,UDI_0659,CGCCTCCTTG,AGCTTAGGAA,7,C11,83
660,UDI_0660,CGAATAACAG,CCAGTGCAAG,7,D11,84
661,UDI_0661,GTCCGCTGTC,CACTGAGTAT,7,E11,85
662,UDI_0662,GCGCCTACCT,GAAATCGATT,7,F11,86
663,UDI_0663,CACAAGTGGC,ATGCGGACTC,7,G11,87
664,UDI_0664,AAGCTGGTGC,TAAATGCCGT,7,H11,88
665,UDI_0665,ACCTCTTTCA,CACTCCGCTT,7,A12,89
666,UDI_0666,AGAAGGGACA,AGGGTCACAT,7,B12,90
667,UDI_0667,GACATCTCGC,CGACAAGAGC,7,C12,91
668,UDI_0668,GTCCTAGTGG,AAGATACGGT,7,D12,92
669,UDI_0669,TAAAGATGAC,CACGATACGC,7,E12,93
670,UDI_0670,ACACCTAGAT,CCGCCATCTC,7,F12,94
671,UDI_0671,CGGCGGTACG,CTGCACCCGC,7,G12,95
672,UDI_0672,AGCGCGACTG,GTACCTCTCG,7,H12,96
673,UDI_0673,AAATATGATG,AAGAAACCGG,8,A1,1
674,UDI_0674,TCCAAGACAT,TGCTGGACCG,8,B1,2
675,UDI_0675,TGAACTCTCG,ATTATGCTAT,8,C1,3
676,UDI_0676,ACGGATCGGC,CGACTTTGCG,8,D1,4
677,UDI_0677,TGACTTAGTC,GTACGCCGGT,8,E1,5
678,UDI_0678,TCGTACAATA,TCATAAGTAG,8,F1,6
679,UDI_0679,AACTTTCGTG,AGGTCCCATG,8,G1,7
680,UDI_0680,ACTTTATTGC,CTTCCAAACA,8,H1,8
681,UDI_0681,GAGAGACAGC,GACTACTCCA,8,A2,9
682,UDI_0682,CGGCATTGTA,TAGACATTCA,8,B2,10
683,UDI_0683,CATGTCGGTT,GAACGGTGAA,8,C2,11
684,UDI_0684,CATTCCGGTG,GTCCACGCCT,8,D2,12
685,UDI_0685,ACGCTTGTTT,AGGTATAGGT,8,E2,13
686,UDI_0686,CTTGCTTGGT,TAATTCCGAC,8,F2,14
687,UDI_0687,ATCTCCGTAC,ACGGTTCATT,8,G2,15
688,UDI_0688,CGCTGGTATT,TTGTAATACA,8,H2,16
689,UDI_0689,CAGTCAAGGG,ATTCAACCTG,8,A3,17
690,UDI_0690,ACAACAGGAC,ATAATTATTC,8,B3,18
691,UDI_0691,CATATGATGC,ACAGGGTAGG,8,C3,19
692,UDI_0692,ATAGCTGTCG,GCTGTTCGTT,8,D3,20
693,UDI_0693,TGACGGTCCT,AGTGCGATTT,8,E3,21
694,UDI_0694,ATGGAAGTAA,TCATGAGATG,8,F3,22
695,UDI_0695,GAACCTCAGT,AAGAGACCTC,8,G3,23
696,UDI_0696,CACAACCCAT,TCCCTTCTAT,8,H3,24
697,UDI_0697,TGCCAACCTG,TTCCGCGAGG,8,A4,25
698,UDI_0698,GAAGTGCCAA,CACGGCAAAT,8,B4,26
699,UDI_0699,CCTACTCGTT,TCTAGTAACT,8,C4,27
700,UDI_0700,AGCACCAGAT,CTGATGGCTT,8,D4,28
701,UDI_0701,GCCAGCCCAG,AACGACGTGG,8,E4,29
702,UDI_0702,CAAGATGTCG,TAGCCTCGTT,8,F4,30
703,UDI_0703,GACTTTATTA,TACGACCGCG,8,G4,31
704,UDI_0704,ATAACCAATT,TATCGGCAGC,8,H4,32
705,UDI_0705,GCTGTCTGAC,TCAGGACTCG,8,A5,33
706,UDI_0706,CAGCGCCAAT,GTATCTGCGT,8,B5,34
707,UDI_0707,CGGTGGAAGC,GTGTCTGAAG,8,C5,35
708,UDI_0708,AGCTGATGCA,TCGCAGGACT,8,D5,36
709,UDI_0709,GTCTTCTCTC,TTCGGCTAAG,8,E5,37
710,UDI_0710,AAACAGGTCG,ATGTATAAAG,8,F5,38
711,UDI_0711,CTGCTCGACG,GAAGAGTGAG,8,G5,39
712,UDI_0712,GAGGGACATA,GCCCGCTTAG,8,H5,40
713,UDI_0713,TACTTACTGG,GAAATCCTAC,8,A6,41
714,UDI_0714,TCACCGATAA,AGGCACACTC,8,B6,42
715,UDI_0715,ACCGAAAGAT,AGGGCAGAGG,8,C6,43
716,UDI_0716,AGAAGTGCGT,TAGGTGCCTG,8,D6,44
717,UDI_0717,CACGCAATAG,ACTGTTGGTC,8,E6,45
718,UDI_0718,CTGGATCACT,AAGGTGCGAG,8,F6,46
719,UDI_0719,CGCCGTGGAG,GATTCCGCTC,8,G6,47
720,UDI_0720,TTAGATTTAG,GCGGGCGATT,8,H6,48
721,UDI_0721,TTATGCATTG,CTTGTGTTGC,8,A7,49
722,UDI_0722,TCAATTTCGC,TGGGTCGGAC,8,B7,50
723,UDI_0723,ACTAAGCATT,CGACTACCAC,8,C7,51
724,UDI_0724,ACAGCCGTAT,GCCATCTAAG,8,D7,52
725,UDI_0725,TTTCACAAAG,GTCGTGCTCG,8,E7,53
726,UDI_0726,GCGATTTGGG,ACGGTTACTC,8,F7,54
727,UDI_0727,TCCATTGCAC,TCATACCATC,8,G7,55
728,UDI_0728,GTACACATTT,AGCGGCCTGG,8,H7,56
729,UDI_0729,GACAAGTAAC,ACCGCGAGAA,8,A8,57
730,UDI_0730,CCCATATCGA,TGCTGACCTC,8,B8,58
731,UDI_0731,GCGCTAACTG,ACTCGGCAAG,8,C8,59
732,UDI_0732,GTGGACAATA,ACTCAGCTTG,8,D8,60
733,UDI_0733,CCACAGTTGC,TTCGCACAGT,8,E8,61
734,UDI_0734,GTGAGGTGTG,GTCCATTAGT,8,F8,62
735,UDI_0735,AGAGGCTGGG,GCGAGGCGTC,8,G8,63
736,UDI_0736,ATGAATGTGA,ACCCTGGTGA,8,H8,64
737,UDI_0737,AGGTTTGAGC,TACCTGGTCG,8,A9,65
738,UDI_0738,GAACACGGCT,TTCCCGGCCT,8,B9,66
739,UDI_0739,TAGCGTGAGT,TAGCGCAGAA,8,C9,67
740,UDI_0740,CAGACGATGG,ATTGTCCGGC,8,D9,68
741,UDI_0741,CGGGTGGGTG,TGCCGGTGCA,8,E9,69
742,UDI_0742,ATTAACTGTT,ACCGCGTCGA,8,F9,70
743,UDI_0743,TATAATTAGT,ATTAAGGCAG,8,G9,71
744,UDI_0744,TATTCACCAT,CATATTGCTA,8,H9,72
745,UDI_0745,TCATCAAAGG,TCGCTGGCGT,8,A10,73
746,UDI_0746,CGCTCCAGCT,TCCTCGCACA,8,B10,74
747,UDI_0747,TGTCGCGCAA,CGACCCAATT,8,C10,75
748,UDI_0748,CAATCCTATG,TAGGTGTAAA,8,D10,76
749,UDI_0749,AAGTAGATGT,CTATGACTGT,8,E10,77
750,UDI_0750,CCCACGAATG,TCCTATCTTC,8,F10,78
751,UDI_0751,CATCGATTAG,TTTGCCGTTC,8,G10,79
752,UDI_0752,GTACCGAGCG,GCCACAGTGT,8,H10,80
753,UDI_0753,ATCATAGCGC,AGTACCCGGA,8,A11,81
754,UDI_0754,ATCTCGGGAA,TACTCAATCA,8,B11,82
755,UDI_0755,CGTGGCGCGC,GAGAAATCCA,8,C11,83
756,UDI_0756,ACTCCACGCA,TATATTCCGC,8,D11,84
757,UDI_0757,CTGATTCGGA,TTTGTAGCAA,8,E11,85
758,UDI_0758,CTCTGTCGTG,CTGCACAACA,8,F11,86
759,UDI_0759,ACAGGGCACT,ACGATAGCGA,8,G11,87
760,UDI_0760,GTCCCGTCAT,ATGTTGCGTC,8,H11,88
761,UDI_0761,ACAGCATGAT,GCATACGCTC,8,A12,89
762,UDI_0762,ATGCGACGAC,GCTCCCGCCG,8,B12,90
763,UDI_0763,CATAAACGTT,GCAATGGGAG,8,C12,91
764,UDI_0764,ACAAATATCT,AAGTATTCTC,8,D12,92
765,UDI_0765,CTCCATAGGT,ATTCCACGAT,8,E12,93
766,UDI_0766,CCAACGTACT,CCCACAGCGC,8,F12,94
767,UDI_0767,TCCTAGATTA,GCAGCTCAGG,8,G12,95
768,UDI_0768,CTGTGCATAC,AGAAATCTTC,8,H12,96
769,UDI_0769,GAGTAATATA,CCGACCGTGA,9,A1,1
770,UDI_0770,CGTCATGCTA,TAAAGTTCGT,9,B1,2
771,UDI_0771,TTGGCTAGGT,TATAGGAGTA,9,C1,3
772,UDI_0772,AGTCGACTCT,CGATCGTAAT,9,D1,4
773,UDI_0773,ACCAGCGCTC,CAAACTCGTC,9,E1,5
774,UDI_0774,AAAGAACATG,AATGGGAACT,9,F1,6
775,UDI_0775,TACACAGAGT,TACCGGGACA,9,G1,7
776,UDI_0776,CCGATAATAG,TGCTGATCAA,9,H1,8
777,UDI_0777,CCGCTTAAGG,GATCGTGATT,9,A2,9
778,UDI_0778,CCCTCCCTGC,ACTCCGACAG,9,B2,10
779,UDI_0779,CACCTGCCGA,TGACACTCAT,9,C2,11
780,UDI_0780,AGTAAATAAG,GCGTCCCAAG,9,D2,12
781,UDI_0781,TATGTAGAGA,TCTGAGTTAG,9,E2,13
782,UDI_0782,CTGACTCCAC,TGTTATACGC,9,F2,14
783,UDI_0783,GTACCGAATA,CCTTACTCTT,9,G2,15
784,UDI_0784,TTTACAAGAT,TGTATCGCCG,9,H2,16
785,UDI_0785,GTCCTCCTGC,GAGGCTGCTG,9,A3,17
786,UDI_0786,GAAACAGCGT,ACGTGTTGGA,9,B3,18
787,UDI_0787,AACAAATTCA,CCATTTCCCA,9,C3,19
788,UDI_0788,ATGGCTTCCG,CCGCACTCCT,9,D3,20
789,UDI_0789,CAACTATGCA,CCAGAGTGAC,9,E3,21
790,UDI_0790,ATTGCGAAGG,CTGAGGGCAC,9,F3,22
791,UDI_0791,ATTGGTGCGG,ACGACCTAAT,9,G3,23
792,UDI_0792,GCGAACGCAA,TTGTCAGAGA,9,H3,24
793,UDI_0793,AGCGGGAGAT,ACAACAGCCT,9,A4,25
794,UDI_0794,TAGCAAGGCT,GACCTACTGA,9,B4,26
795,UDI_0795,GATAGAGAGG,CTCCGTCGAT,9,C4,27
796,UDI_0796,ATAGGGAACA,TAAAGTATCG,9,D4,28
797,UDI_0797,ACCACTTCTG,ATAAGGCCCA,9,E4,29
798,UDI_0798,CAATAACGGC,TGCATGTGTA,9,F4,30
799,UDI_0799,CGCGTGATCG,TAGGATCGGA,9,G4,31
800,UDI_0800,TAGGCCATCG,ACGTTGGAGA,9,H4,32
801,UDI_0801,TGCGCCGCAT,TGCGGTTCAG,9,A5,33
802,UDI_0802,ACTAGTCTCT,TTGTACATAG,9,B5,34
803,UDI_0803,TTCGAGCCCA,CCAGAACTTC,9,C5,35
804,UDI_0804,ACAGTTTATA,ATCGCACTTG,9,D5,36
805,UDI_0805,CGCAGATAGC,CAGAGCAGTG,9,E5,37
806,UDI_0806,CTAGACTTGT,TGGAGTCGTG,9,F5,38
807,UDI_0807,CATAGGAATG,TATTGCAGTG,9,G5,39
808,UDI_0808,AGGTCTACCA,TAACTCCCGG,9,H5,40
809,UDI_0809,AATTCGACCT,AATATGCAAC,9,A6,41
810,UDI_0810,CTGGCCACAC,CTAGTAGGAG,9,B6,42
811,UDI_0811,GACTACCTAG,GATTCTCTAA,9,C6,43
812,UDI_0812,AAGCGTCCAG,CTGAGGTCCG,9,D6,44
813,UDI_0813,AGCCACCGCA,AGGCTTAACT,9,E6,45
814,UDI_0814,GTCGGCCATA,AGGTCAGTAC,9,F6,46
815,UDI_0815,AGTTAAGATA,CCTCCGCACG,9,G6,47
816,UDI_0816,CTGCTTATAC,ACAGCCACGG,9,H6,48
817,UDI_0817,TCTTTAGGCA,CTAAACACGC,9,A7,49
818,UDI_0818,AATAATGGGT,GCCAAGAAAG,9,B7,50
819,UDI_0819,ATCTCGTAGA,GCGAACTCTG,9,C7,51
820,UDI_0820,GCGTCTGTTA,GATATCATCA,9,D7,52
821,UDI_0821,ACCGTTAGAC,GCGCTCCGTG,9,E7,53
822,UDI_0822,GCTACTAATA,GTCGCGACTC,9,F7,54
823,UDI_0823,AACGATATGT,TGTTCGTCTA,9,G7,55
824,UDI_0824,GTCCTTGCTC,TCCCATGGCA,9,H7,56
825,UDI_0825,CAATTGTCGT,TCTCGTGTGT,9,A8,57
826,UDI_0826,AAGACAGGCT,TCCTCATTTG,9,B8,58
827,UDI_0827,GCGTAAGCAC,AACCAATTAC,9,C8,59
828,UDI_0828,ACCTCCAATA,TATCCTCTGA,9,D8,60
829,UDI_0829,CCAAATGACG,GCGTATAAGA,9,E8,61
830,UDI_0830,ATGTAACAGG,CCAGTCTGTG,9,F8,62
831,UDI_0831,TGACCAAGCA,CGTAGGCGGT,9,G8,63
832,UDI_0832,GTGGGTATAG,GCCTTCTGGC,9,H8,64
833,UDI_0833,GCCTTCGTTA,AGAGAGGTCA,9,A9,65
834,UDI_0834,TTCACTGCGG,CATAAGACAC,9,B9,66
835,UDI_0835,TCATAAGGGC,ACTCTAACGA,9,C9,67
836,UDI_0836,GAAGATATAA,GACGACATTA,9,D9,68
837,UDI_0837,TACAATACGG,GATGTTATCT,9,E9,69
838,UDI_0838,ACAGCTGTTC,AGGACCGGCG,9,F9,70
839,UDI_0839,GCCCTCAATA,ATCACTCAGA,9,G9,71
840,UDI_0840,ACATGTCCGG,CTATCATTAA,9,H9,72
841,UDI_0841,AGACGTCCGC,GTAACGTCTC,9,A10,73
842,UDI_0842,GCCGAGCTTA,CTGGCCTACG,9,B10,74
843,UDI_0843,ACGAGATCTT,TCGGCGTATT,9,C10,75
844,UDI_0844,TGCCTATCCG,GAACAAGTGT,9,D10,76
845,UDI_0845,ACCCGGACCT,ACGATTTCGT,9,E10,77
846,UDI_0846,CGTCAGTGGT,TTACAGTACT,9,F10,78
847,UDI_0847,CCCTTGTAGG,ATTACCTGAC,9,G10,79
848,UDI_0848,ATCCTGGTAT,GCTGCCTCGC,9,H10,80
849,UDI_0849,ACCTAATATC,CAGCATAAGT,9,A11,81
850,UDI_0850,GTCTAGACTT,CAATAACAAG,9,B11,82
851,UDI_0851,ATGCCGTGTC,CAGGGCCCAC,9,C11,83
852,UDI_0852,CTTTAATGTT,ACTTAAATGA,9,D11,84
853,UDI_0853,CATTCAGCGA,ATATCGAGAT,9,E11,85
854,UDI_0854,TGCAGCGACG,ATACCACTGG,9,F11,86
855,UDI_0855,CGGATCAAGG,GACCCGACAA,9,G11,87
856,UDI_0856,GTGGAGGATG,CACTCGGAGT,9,H11,88
857,UDI_0857,CTTTAAAGCG,CCAGCCTCAT,9,A12,89
858,UDI_0858,CCAAATCCAC,AGAAACTCTG,9,B12,90
859,UDI_0859,CCGTCATTAC,CGGTACGTAT,9,C12,91
860,UDI_0860,ACTGCCGCAG,GAGAAATAAG,9,D12,92
861,UDI_0861,AGCGCCCATA,ATCAACGCAA,9,E12,93
862,UDI_0862,TCTGCTCTAG,ACAAACCCAG,9,F12,94
863,UDI_0863,TGAAGCTGTA,AATATAGACG,9,G12,95
864,UDI_0864,TTAAGTATTA,CCAAAGGCAG,9,H12,96
865,UDI_0865,AGGGCCAGAC,AGCCGTTACG,10,A1,1
866,UDI_0866,CTGCTTGGTC,CTGTCGTTAG,10,B1,2
867,UDI_0867,CAAAGCCAGC,AATGTAGCAC,10,C1,3
868,UDI_0868,CGTTCGGTGT,GTTCAGCAGA,10,D1,4
869,UDI_0869,AGGAGGTTAG,CGGAGGATAA,10,E1,5
870,UDI_0870,CGAGTTCTTT,TGATAATGAG,10,F1,6
871,UDI_0871,AGACTGTGGC,GCGCCGATCA,10,G1,7
872,UDI_0872,CAGTGCCACA,ATGTCAAGGA,10,H1,8
873,UDI_0873,TTTGTGTGTC,TAAGTAATTC,10,A2,9
874,UDI_0874,GTCTAAGCTA,TGGAGCAGCT,10,B2,10
875,UDI_0875,CTCGGTAGGC,CATCACTATT,10,C2,11
876,UDI_0876,AACACCGAGG,ACCTGGATAG,10,D2,12
877,UDI_0877,ACTCACGTAG,ATTCGAAAGG,10,E2,13
878,UDI_0878,CTGCGCCCAA,CGATAGAAGT,10,F2,14
879,UDI_0879,TGTCCCAAGG,CGACTCAGGG,10,G2,15
880,UDI_0880,CGCATTTATT,CTACACATCG,10,H2,16
881,UDI_0881,CTACCCTGCA,ACCCATCGAG,10,A3,17
882,UDI_0882,ACTGCAAGAC,CGACAACGAG,10,B3,18
883,UDI_0883,AGATAGATCT,GCGCGCGAAA,10,C3,19
884,UDI_0884,AAGGGCACTT,CGCGTGGTGA,10,D3,20
885,UDI_0885,AGTTATATTT,ATCCAACGGT,10,E3,21
886,UDI_0886,TTCCATCCAA,CCGTTACACA,10,F3,22
887,UDI_0887,ACGCGGTGCA,AAACGCAGGG,10,G3,23
888,UDI_0888,CAAACAGGAG,GAGCGTAATG,10,H3,24
889,UDI_0889,GTTCGAAATT,TAGATCCTGG,10,A4,25
890,UDI_0890,TGTCACCGTA,GAAAGCCCAT,10,B4,26
891,UDI_0891,AGTCAAACTT,CAGGTTATTG,10,C4,27
892,UDI_0892,AACCATTATT,GTGGATTGTG,10,D4,28
893,UDI_0893,GAGACGACAC,GACTTAGACA,10,E4,29
894,UDI_0894,GCGGCTGTAG,CATCGGGTTA,10,F4,30
895,UDI_0895,CAAATCTGAT,GTATACAGTA,10,G4,31
896,UDI_0896,GATGGAATAG,GCGTACTAGC,10,H4,32
897,UDI_0897,TCGTTTCGGG,CTGACCAGAT,10,A5,33
898,UDI_0898,AACATTTGAC,TCAAAGGGAA,10,B5,34
899,UDI_0899,CATAGTGTGA,GAAGAGCACG,10,C5,35
900,UDI_0900,TCGCTTAAAC,CACGCTAGGT,10,D5,36
901,UDI_0901,ACGGGTACAG,GCAGGCAAAG,10,E5,37
902,UDI_0902,GTACATTATG,GCATTGCGGC,10,F5,38
903,UDI_0903,AGCGAATCAC,TGGTATAACT,10,G5,39
904,UDI_0904,TCTTTCATGC,TCATGGGCAC,10,H5,40
905,UDI_0905,TGTTCACACG,CGCCTACGGT,10,A6,41
906,UDI_0906,GACGGCGTAT,GCCGGCTTGA,10,B6,42
907,UDI_0907,TTGTCATGAA,ACTTCGACGA,10,C6,43
908,UDI_0908,TTCTTGCCTG,GACGGATAGG,10,D6,44
909,UDI_0909,CTTAGTCCTC,CTCCTACGAG,10,E6,45
910,UDI_0910,CCCGGATCCA,CCCATCGATT,10,F6,46
911,UDI_0911,AATCCGGGAC,ATTGAGGGTT,10,G6,47
912,UDI_0912,GAACCGAAAT,GCCCGGATGA,10,H6,48
913,UDI_0913,CGAAGCCACA,ATGGCGACTT,10,A7,49
914,UDI_0914,GACACCGATC,ACGCAGCTAC,10,B7,50
915,UDI_0915,GAATGATGCT,AGACTCAGAC,10,C7,51
916,UDI_0916,GTCGGTCTGA,ACTCATGTGC,10,D7,52
917,UDI_0917,ACGTAATGTA,CACTCGAGGC,10,E7,53
918,UDI_0918,AAGATAGTGG,ACGTAAGACA,10,F7,54
919,UDI_0919,TTGACCACTC,AGAGAATAAA,10,G7,55
920,UDI_0920,TCTCGTGCAC,CTATTAAGCA,10,H7,56
921,UDI_0921,AAGCGTGAAA,GACATCAAGG,10,A8,57
922,UDI_0922,ACTGCTTTAC,TAATCACTAG,10,B8,58
923,UDI_0923,ATCCGCTGAG,CGCCAACACG,10,C8,59
924,UDI_0924,CGCTAATTTA,TCGACTCAAT,10,D8,60
925,UDI_0925,TCAGAGTAAT,GCAGGTTACG,10,E8,61
926,UDI_0926,AAGGAAGAAT,TCGGAATTAT,10,F8,62
927,UDI_0927,AGAATACGTC,TGCCCGAGAA,10,G8,63
928,UDI_0928,CCTTCCGCAC,TCGGAATGCG,10,H8,64
929,UDI_0929,ATAGCGCCCT,CTTGCGCTCT,10,A9,65
930,UDI_0930,CTGGGTCATA,TTGCACTATA,10,B9,66
931,UDI_0931,CGCCGGTTCT,TGCCTGCCAG,10,C9,67
932,UDI_0932,ACCTCGGATG,CAATAAGAGT,10,D9,68
933,UDI_0933,GCCGGATGTT,CAGTATGTGA,10,E9,69
934,UDI_0934,TGGCGTCGAA,ACCCTGGCTT,10,F9,70
935,UDI_0935,GAGAAAGAGT,AGCGCCATCA,10,G9,71
936,UDI_0936,CAGCAGGATT,AGGTTAACGC,10,H9,72
937,UDI_0937,CCCAAAGCAT,CAACGATCAC,10,A10,73
938,UDI_0938,TCTATTTGTC,TACTCGGCCA,10,B10,74
939,UDI_0939,ACGTAGCACT,ATGACCCGAA,10,C10,75
940,UDI_0940,TTCAGCAGTA,TTCCACCATT,10,D10,76
941,UDI_0941,AATAATATCA,ACGCTAATAT,10,E10,77
942,UDI_0942,GCCTGAATGT,AGTACTTACT,10,F10,78
943,UDI_0943,GCTCTCGCTT,CAATGAACGT,10,G10,79
944,UDI_0944,ACCATCTGTT,AAATAGACCA,10,H10,80
945,UDI_0945,TACCAACCAC,CATCCCATAC,10,A11,81
946,UDI_0946,CACTCGCGTG,ATAGATAAGC,10,B11,82
947,UDI_0947,CTGACACCTT,CAACACGAGG,10,C11,83
948,UDI_0948,GCTGTGAGGA,AAGAAACATT,10,D11,84
949,UDI_0949,CAACCCTTTA,ACAGTATAAC,10,E11,85
950,UDI_0950,AGAGTTGCAC,TGCCACTAAG,10,F11,86
951,UDI_0951,TGGGTTCGTA,ACCGGTGCAT,10,G11,87
952,UDI_0952,CAGAGCACAT,TCACTCCTTA,10,H11,88
953,UDI_0953,ATACAGTCGT,CATGGTCTCT,10,A12,89
954,UDI_0954,ACCGGAACGT,ACGCGGGTAA,10,B12,90
955,UDI_0955,CGTATATAGA,CGACTCTACA,10,C12,91
956,UDI_0956,TATAGGGCCA,CGGCAGCTAA,10,D12,92
957,UDI_0957,AACCATCCGC,TGTATGACAC,10,E12,93
958,UDI_0958,ACAACGGGCA,GCGTGTCGTG,10,F12,94
959,UDI_0959,ACGATAAGCG,GACGCCGTGC,10,G12,95
960,UDI_0960,GCGTGCTACG,TTACCCTCCT,10,H12,96
961,UDI_0961,ACTGAATGAG,CCATAACATT,11,A1,1
962,UDI_0962,CGCAGGCACG,AAAGCTGGTT,11,B1,2
963,UDI_0963,GTTCTGGCGG,GCACCACCCT,11,C1,3
964,UDI_0964,GCCGAGAATT,CAAGTCAGAG,11,D1,4
965,UDI_0965,ACTACCTCTT,ACTGCCCGTT,11,E1,5
966,UDI_0966,TGCGAACGGT,TCAATCAATA,11,F1,6
967,UDI_0967,AGCTTGCGGG,CTCGCGGGTG,11,G1,7
968,UDI_0968,AGACGATTGT,AAAGACGACG,11,H1,8
969,UDI_0969,AGGGCTCCTA,TCATCACGCT,11,A2,9
970,UDI_0970,GAAAGCACGG,ATCAACTAGT,11,B2,10
971,UDI_0971,CGGCAGACCT,AGACCTTGGT,11,C2,11
972,UDI_0972,TCGAGTGGAT,CGCGCCGTTG,11,D2,12
973,UDI_0973,ATAGACCTCG,GTACTGACAA,11,E2,13
974,UDI_0974,AGGAAGCCTC,TCCTAGGTCT,11,F2,14
975,UDI_0975,CCACGCCTGC,GTCCTCGATG,11,G2,15
976,UDI_0976,CTGTCATCGC,GAAAGCCGTC,11,H2,16
977,UDI_0977,CATGTGGTAT,GTACTCTTTG,11,A3,17
978,UDI_0978,TGTCTGTTCA,TGCCTTGGGA,11,B3,18
979,UDI_0979,CCTTCTTCTG,CAGACGCGAC,11,C3,19
980,UDI_0980,TTGCCTCAGT,CCCTAGGCGC,11,D3,20
981,UDI_0981,TCGCGGCGTG,GAAGTAATAT,11,E3,21
982,UDI_0982,CTGTACCACG,AGGCAAACGA,11,F3,22
983,UDI_0983,CCAGTAAGGG,AGTAGGATAT,11,G3,23
984,UDI_0984,GAAAGTAAGA,GCGACACATA,11,H3,24
985,UDI_0985,AAACCTTGTA,GACTTCGTGT,11,A4,25
986,UDI_0986,CACTAATTCT,TAGCAGCTTG,11,B4,26
987,UDI_0987,TTACGACAAG,AAACCGGTTA,11,C4,27
988,UDI_0988,GTCACTTCAC,GCAGCCAAGA,11,D4,28
989,UDI_0989,ATGCTGCCAG,TTTGGAAGAA,11,E4,29
990,UDI_0990,TGCAAAGTAA,GAACATAGAG,11,F4,30
991,UDI_0991,CGACGCGCGG,GACCGCATCA,11,G4,31
992,UDI_0992,ATGGTGTGGC,ATCTTTCCCG,11,H4,32
993,UDI_0993,CTGAGATATG,ACAATACTGA,11,A5,33
994,UDI_0994,TCATCATGTC,GTGCAACCGT,11,B5,34
995,UDI_0995,TCACACGTTC,CAACATATAC,11,C5,35
996,UDI_0996,AGCTCCGCTA,AACGCAACCT,11,D5,36
997,UDI_0997,ACTATTAATC,ACAACTTAAC,11,E5,37
998,UDI_0998,GCCCTGGAAG,TAGGCCCGCT,11,F5,38
999,UDI_0999,CGCTACGGAA,ATGGCACCGT,11,G5,39
1000,UDI_1000,ACGGCCATTA,ACCACATCAT,11,H5,40
1001,UDI_1001,TCACAAACGT,GTCTACATTG,11,A6,41
1002,UDI_1002,GCCTGAAGAA,CCGGAGGGTC,11,B6,42
1003,UDI_1003,CATTAATTTC,AGCCACGCGT,11,C6,43
1004,UDI_1004,GTTGCCTAAG,CCCTGCTTTG,11,D6,44
1005,UDI_1005,ATCGCCAGGC,GTGGCCCAAA,11,E6,45
1006,UDI_1006,CCAAGCACCT,CAATCTACGC,11,F6,46
1007,UDI_1007,CATCTTATAT,TTCTATTGCG,11,G6,47
1008,UDI_1008,GTTAAGCCGG,CTTAGGTAGC,11,H6,48
1009,UDI_1009,CGTGACTTCT,AAGGGTGTGT,11,A7,49
1010,UDI_1010,ATATCTTGAA,CCCGGAACTC,11,B7,50
1011,UDI_1011,GACCCGGTAG,GACGTCGCTC,11,C7,51
1012,UDI_1012,CCATCCCGCA,TAAGCTTAAA,11,D7,52
1013,UDI_1013,GTCACTGTAT,AAGTAACGAT,11,E7,53
1014,UDI_1014,TCTATGGCGA,GAGGCCGGTT,11,F7,54
1015,UDI_1015,ACGCATCAGT,TACATGTTTC,11,G7,55
1016,UDI_1016,CAATCATCAG,GCACTTACAT,11,H7,56
1017,UDI_1017,AACCGCCATC,AGGCCGGTCG,11,A8,57
1018,UDI_1018,CCTCACTTAT,ATAAACGATG,11,B8,58
1019,UDI_1019,TGAGGGAGTA,CAGCCGTCTA,11,C8,59
1020,UDI_1020,CATATAGGAA,AACTAATGGA,11,D8,60
1021,UDI_1021,CGCGAGAACA,AATATTGAAA,11,E8,61
1022,UDI_1022,GCCCAGAACA,AAGAGCATGG,11,F8,62
1023,UDI_1023,GCAGTTAGAG,CAGAAATTAT,11,G8,63
1024,UDI_1024,GCGGGAGTTG,CCGCCTTCAT,11,H8,64
1025,UDI_1025,TGCAACCAAT,CGGGTGTATT,11,A9,65
1026,UDI_1026,CCTAACCCTG,ATCCCGGAAG,11,B9,66
1027,UDI_1027,GAATATCCCT,AATCCGGCGG,11,C9,67
1028,UDI_1028,CAAAGCGCAA,AGAGCGAGGA,11,D9,68
1029,UDI_1029,GTTACGATAG,TCTGCTAGTT,11,E9,69
1030,UDI_1030,CATGAAACTC,ATCACGAGGA,11,F9,70
1031,UDI_1031,AAGTGTACAT,ACAAGAAGAT,11,G9,71
1032,UDI_1032,GCTCACAGCA,AGCGAGGGCT,11,H9,72
1033,UDI_1033,CTGCCTGGGT,TCATCCGTGT,11,A10,73
1034,UDI_1034,GCTTACCCGA,ATCTACAGCT,11,B10,74
1035,UDI_1035,GTATAGGCAT,CCCACCGTTC,11,C10,75
1036,UDI_1036,ACGCCCTTAA,AAGGAGAGCT,11,D10,76
1037,UDI_1037,TCAACCTATC,TTCTGTTACT,11,E10,77
1038,UDI_1038,ATGCGCCACA,AAACGCCTAG,11,F10,78
1039,UDI_1039,AGTAGCATTG,CAACCCGGGA,11,G10,79
1040,UDI_1040,TAGACACAGA,AATATCGGGA,11,H10,80
1041,UDI_1041,CATAAACTCG,ACCACTGGCT,11,A11,81
1042,UDI_1042,CTTAATGATT,CAGTCTTCGA,11,B11,82
1043,UDI_1043,AGACGAAGAG,TGTACGCATC,11,C11,83
1044,UDI_1044,AGACGCTAAG,AAGAGCTGTA,11,D11,84
1045,UDI_1045,CGTACAGCAG,ATAACACTCT,11,E11,85
1046,UDI_1046,AACACAGCTT,ACGACTCTTC,11,F11,86
1047,UDI_1047,CTGACAATGC,TACAGGTACT,11,G11,87
1048,UDI_1048,TAAGCGACGG,ATGTAAGGCT,11,H11,88
1049,UDI_1049,AGATTCCTCT,AGAAATGTGG,11,A12,89
1050,UDI_1050,CGCTGTGGTT,ATCTTCGAAT,11,B12,90
1051,UDI_1051,TTGATAACCT,ACCCGCTCCG,11,C12,91
1052,UDI_1052,CACACCTGTT,ATGCCTGCAA,11,D12,92
1053,UDI_1053,CCAAGCATAG,TGTGTAGGCG,11,E12,93
1054,UDI_1054,AGGATAAGAT,TGCAGACATG,11,F12,94
1055,UDI_1055,TCCAGAATTA,TTATGCAACT,11,G12,95
1056,UDI_1056,AGCGATAAAG,CCACTAGGAT,11,H12,96
1057,UDI_1057,GAAGGAGATG,CTGGAGCGGA,12,A1,1
1058,UDI_1058,CAACTGAGAC,CTGTATCAGC,12,B1,2
1059,UDI_1059,CGAGTCATTG,CGGCCGCACT,12,C1,3
1060,UDI_1060,ATCGAGTGAA,TATGGTCACA,12,D1,4
1061,UDI_1061,CAATAGAAAC,TCTGAATGTA,12,E1,5
1062,UDI_1062,TCGCTTTATT,TCGTATATTG,12,F1,6
1063,UDI_1063,GTTCTGCGCT,ATCGTTACGG,12,G1,7
1064,UDI_1064,CTGTAAACAC,TGGACCGGTC,12,H1,8
1065,UDI_1065,CAGGTCACTA,TACTAGGACG,12,A2,9
1066,UDI_1066,CGACTGTAAC,CGACGATTCA,12,B2,10
1067,UDI_1067,TGGCATCTGA,CGATACACTT,12,C2,11
1068,UDI_1068,TCTGTTCTTC,AGCATTGTCG,12,D2,12
1069,UDI_1069,CAAGCGGATG,GAAGCACAAG,12,E2,13
1070,UDI_1070,CTTTGACAAG,TACCGCTTAT,12,F2,14
1071,UDI_1071,TTGGCGGCGT,CCGTCCATGT,12,G2,15
1072,UDI_1072,GTTAGCCACA,GAGTCCCTGG,12,H2,16
1073,UDI_1073,GTGCCACTAG,GAGGTAGCAG,12,A3,17
1074,UDI_1074,CGTTTGGCTT,ACTCTCTAAT,12,B3,18
1075,UDI_1075,GTAATGGATA,CCTTAGCAGA,12,C3,19
1076,UDI_1076,CAATATTCCG,TGGTCCCACA,12,D3,20
1077,UDI_1077,CCGATAGGGC,ATAACTCATC,12,E3,21
1078,UDI_1078,CATTCAATTT,CTAAAGAATT,12,F3,22
1079,UDI_1079,TGGGCGGTTC,AAGATCGCTT,12,G3,23
1080,UDI_1080,GAACTGACCT,AGTTCTAAAG,12,H3,24
1081,UDI_1081,AACAGCAAGA,GTAACCCTGG,12,A4,25
1082,UDI_1082,CCGTGCGGTC,CCATATCGGG,12,B4,26
1083,UDI_1083,CACAGTTGTC,AGCCTGCCTA,12,C4,27
1084,UDI_1084,CCTCTTCAGA,CTACTGGATC,12,D4,28
1085,UDI_1085,GCCAAGTTTC,AGTCAACAGT,12,E4,29
1086,UDI_1086,CTTAGCAAAG,GACAGTCTCA,12,F4,30
1087,UDI_1087,GTTAACGGAC,GTGCCGTCTG,12,G4,31
1088,UDI_1088,GTAGAAACTC,CTGCGTAGTA,12,H4,32
1089,UDI_1089,AGGCCACCGG,GACCTCGAGC,12,A5,33
1090,UDI_1090,AAGAACGCCG,CACACGCCAG,12,B5,34
1091,UDI_1091,AGTATGGAGA,CTTACCAGGC,12,C5,35
1092,UDI_1092,ACTTAACTCT,ACCCATAAGG,12,D5,36
1093,UDI_1093,TTGTTAGCCA,TCGCTCCAAA,12,E5,37
1094,UDI_1094,GACCGGCAAA,GTCTACCGAC,12,F5,38
1095,UDI_1095,TGCTTTCGTT,CTACCGTCAC,12,G5,39
1096,UDI_1096,CCAGCTTCCA,GCTTTAGCGT,12,H5,40
1097,UDI_1097,TGAACCTCCA,ACCTAGTTGA,12,A6,41
1098,UDI_1098,CTTACCTGCT,AAAGGCCGCG,12,B6,42
1099,UDI_1099,GAATGAAACG,CGGAAGTACT,12,C6,43
1100,UDI_1100,GAAGGAGTCT,CCTATCAGAT,12,D6,44
1101,UDI_1101,TGTAAGCAAG,CTGTTGTGAT,12,E6,45
1102,UDI_1102,GCGGTTCGGA,ATGGACAGAG,12,F6,46
1103,UDI_1103,CGTCACCAGA,TGACGTGTAG,12,G6,47
1104,UDI_1104,ACTACTAGAA,CCGTGCGACT,12,H6,48
1105,UDI_1105,TGGTGTCATT,TGAAGACGGA,12,A7,49
1106,UDI_1106,CGCGGCTCGG,CTCTGGGCCA,12,B7,50
1107,UDI_1107,AAGACGAGCG,TTAGAAATAC,12,C7,51
1108,UDI_1108,GATGCGCATC,CAGAAGTCAG,12,D7,52
1109,UDI_1109,TACCGAATTT,CTCAGCGGTG,12,E7,53
1110,UDI_1110,ACCACGTTAC,AAGGCACCTG,12,F7,54
1111,UDI_1111,CTCACACGTA,GCAGATCGCG,12,G7,55
1112,UDI_1112,GCTCTAGGGC,ATTCGCTGGA,12,H7,56
1113,UDI_1113,TACCCAAGAT,CATGGCTGAT,12,A8,57
1114,UDI_1114,TCGATTGCCA,AGCATGACGA,12,B8,58
1115,UDI_1115,ACTATATGAT,GAAAGTGAAG,12,C8,59
1116,UDI_1116,ATAGAGCCTG,GATCCGAGCT,12,D8,60
1117,UDI_1117,TAATGTTTAT,CATTGCACTA,12,E8,61
1118,UDI_1118,AGGAGTTCTA,GCTGGGCGAC,12,F8,62
1119,UDI_1119,CACGACGAGC,GTGTTCCTCG,12,G8,63
1120,UDI_1120,TTAGTGAATT,CGCGAAGGGA,12,H8,64
1121,UDI_1121,TCCTTCCTTG,CTCTACTGGC,12,A9,65
1122,UDI_1122,CATGCGGAGA,AACATGTTAT,12,B9,66
1123,UDI_1123,GTCGGTCGAC,GATTTCGTAC,12,C9,67
1124,UDI_1124,GATCAACATT,CACGGTTAGC,12,D9,68
1125,UDI_1125,TCGCAGAAAG,CCCTGTACTT,12,E9,69
1126,UDI_1126,TCCATCCTAC,CCGATCTCCG,12,F9,70
1127,UDI_1127,CCTCACACCG,CTTAAGATCA,12,G9,71
1128,UDI_1128,TACCGTTATC,CAAAGAACTC,12,H9,72
1129,UDI_1129,AGTCAGAGCT,ATTGGGAGAG,12,A10,73
1130,UDI_1130,AAGATGAAGA,ATACTCTCTC,12,B10,74
1131,UDI_1131,CAGCTGATAA,ATACAGCTAG,12,C10,75
1132,UDI_1132,GCTCGCAAAT,CGGAACTCAC,12,D10,76
1133,UDI_1133,CAAGGTGAAA,GATACGTATA,12,E10,77
1134,UDI_1134,TCGGGTCATG,CATCCTCTTC,12,F10,78
1135,UDI_1135,TCCCTACACG,CCGCGAAGTG,12,G10,79
1136,UDI_1136,GTATACATGC,GTGCGGTCAA,12,H10,80
1137,UDI_1137,CTATTAATTC,CACGTACATT,12,A11,81
1138,UDI_1138,AGCCCGAACG,TGTGGCTCGT,12,B11,82
1139,UDI_1139,TGCTTGGGAT,TGCTACCGAG,12,C11,83
1140,UDI_1140,CGAGTTAACG,TGGACGCGGA,12,D11,84
1141,UDI_1141,GCCACCTGCG,AGCATCAATT,12,E11,85
1142,UDI_1142,CATCGGGACG,CGCATTACCG,12,F11,86
1143,UDI_1143,ACTACGGTAG,TTGCAACATG,12,G11,87
1144,UDI_1144,GCTGTACTAT,AAACTTTCGG,12,H11,88
1145,UDI_1145,TGTCTCTAGT,TGTTATGTTA,12,A12,89
1146,UDI_1146,TTGAACTGAT,GTTATGAATG,12,B12,90
1147,UDI_1147,AAACCAGCTG,CTTCGAGTGC,12,C12,91
1148,UDI_1148,ATATTCAGGC,GCCCAAACTT,12,D12,92
1149,UDI_1149,GCACTCACGA,TGTGGGTCTC,12,E12,93
1150,UDI_1150,ATCCGCCGTA,CGATCTGAAG,12,F12,94
1151,UDI_1151,GTTGTTAGAC,TAAGTTCCTT,12,G12,95
1152,UDI_1152,GACTCGAATG,CCTAAATTCT,12,H12,96
1153,UDI_1153,GAGCAGTCTC,CTTACGCGAT,13,A1,1
1154,UDI_1154,ATCCCACACG,CACAACAAGT,13,B1,2
1155,UDI_1155,TGATTCACGC,CGAGCCGACT,13,C1,3
1156,UDI_1156,CCCGTCCTTT,AGGATCTATC,13,D1,4
1157,UDI_1157,TGTTGTGGGC,CAAACCTGGG,13,E1,5
1158,UDI_1158,TCCTTGAGTC,TCCAATAGTC,13,F1,6
1159,UDI_1159,CTGACTCAGG,AGAATCACCG,13,G1,7
1160,UDI_1160,AACAAAGTGT,TCACCAGGAG,13,H1,8
1161,UDI_1161,ACAGACTAAG,GCATATTGAA,13,A2,9
1162,UDI_1162,TGATTATTGT,GTAGCTAATT,13,B2,10
1163,UDI_1163,CACATTCGCT,TGGGATGGAT,13,C2,11
1164,UDI_1164,AGTATTCCGA,AATACTGATG,13,D2,12
1165,UDI_1165,ATACAATTGC,ATAAGATGTA,13,E2,13
1166,UDI_1166,GATCCGGCTA,TCAACAGGGT,13,F2,14
1167,UDI_1167,CATCAAACGT,TTAACAGGCA,13,G2,15
1168,UDI_1168,CGGACCTGAG,TAGGGTTGCG,13,H2,16
1169,UDI_1169,TGATAATATA,GCGGGCCAGC,13,A3,17
1170,UDI_1170,CGCAACCATG,AGTTTCTCCT,13,B3,18
1171,UDI_1171,TATCGAGTAC,TAAATAACTG,13,C3,19
1172,UDI_1172,CTGACGAAAC,TATCCACGTG,13,D3,20
1173,UDI_1173,ATGTGCCAGC,CAGGCCGAAG,13,E3,21
1174,UDI_1174,TGGTGCGAAT,GAAGCGGGTA,13,F3,22
1175,UDI_1175,ACGACCGCAC,TGTTAAGCTC,13,G3,23
1176,UDI_1176,TCCGCTGTGC,ACGAACGGGT,13,H3,24
1177,UDI_1177,ACCACCAAGT,CTTCCCGGAT,13,A4,25
1178,UDI_1178,ATAATGTGAC,GTGCCAGGGA,13,B4,26
1179,UDI_1179,TCATGCTGGA,TAAGATGGTA,13,C4,27
1180,UDI_1180,TAGGCTTACT,CGGCATCAGG,13,D4,28
1181,UDI_1181,ATGACGTCAT,CGTGGCGGAG,13,E4,29
1182,UDI_1182,CCTACCGGCA,TGATCTTAGC,13,F4,30
1183,UDI_1183,CAAGAGATAG,CGGGTACGAT,13,G4,31
1184,UDI_1184,TATACTCGAA,GTCAAGTTCT,13,H4,32
1185,UDI_1185,AATCGAGTTG,AGACTAATTG,13,A5,33
1186,UDI_1186,GTCTCCACGC,TGGTTCGATG,13,B5,34
1187,UDI_1187,GTTGTATGTA,CGTCACGCAT,13,C5,35
1188,UDI_1188,TTGCGGCCGG,CACGCAGCCG,13,D5,36
1189,UDI_1189,TCCCAAATAG,CAACCGCTGG,13,E5,37
1190,UDI_1190,TAGCAGAGGA,TGGCGGCTGT,13,F5,38
1191,UDI_1191,GCTGAGTTCT,TGAACTTTGT,13,G5,39
1192,UDI_1192,TTAAAGTATA,TGGCGTTACA,13,H5,40
1193,UDI_1193,CTACGAGAGA,CCCTCGACTC,13,A6,41
1194,UDI_1194,TCTTGCACTT,TCGTGCTTAG,13,B6,42
1195,UDI_1195,CAGCTTCACT,AGTGCTAGGT,13,C6,43
1196,UDI_1196,TGGGTAGCCT,CCTGCACCGC,13,D6,44
1197,UDI_1197,GTGAGCGGCT,CGCAGTCTAC,13,E6,45
1198,UDI_1198,ACATTCGGAT,GTTTGCCAAT,13,F6,46
1199,UDI_1199,ACGCTGATTC,CCTTTGAGGC,13,G6,47
1200,UDI_1200,ATATACCAGA,CGCAAGTCGT,13,H6,48
1201,UDI_1201,TAAACGGTGG,AACGCGCGCT,13,A7,49
1202,UDI_1202,CTAGAGCTGG,TGACCCGTTT,13,B7,50
1203,UDI_1203,TGAGGGCCTT,AGCATAGGTG,13,C7,51
1204,UDI_1204,CGTAATCCGT,ATGATGGTGT,13,D7,52
1205,UDI_1205,CAGACTTATC,GCAGTACCTC,13,E7,53
1206,UDI_1206,GCATTCAACA,CAACATAGCA,13,F7,54
1207,UDI_1207,AACCTTACCT,TTTACCCAAT,13,G7,55
1208,UDI_1208,CGACCAACAT,AGGACCCAGC,13,H7,56
1209,UDI_1209,ACTCCCATAT,TATTCTAAAT,13,A8,57
1210,UDI_1210,TAATTGCCCA,ACAGCATTGC,13,B8,58
1211,UDI_1211,ACCCACAACT,CTTACCACCG,13,C8,59
1212,UDI_1212,CAGCAATGGT,GATACTATGT,13,D8,60
1213,UDI_1213,ATGTACTCGA,CTGCCCATCT,13,E8,61
1214,UDI_1214,GCATAATATG,TGATCGGTAC,13,F8,62
1215,UDI_1215,CAATGTGCTG,GATTGTTTCT,13,G8,63
1216,UDI_1216,GTATGGCTTC,TGGCGATCGG,13,H8,64
1217,UDI_1217,ATGCGGTTGC,CGAGATTACT,13,A9,65
1218,UDI_1218,CGCAAGGTCG,ACATATCTCG,13,B9,66
1219,UDI_1219,TTATCGGATG,TCAGTACGAG,13,C9,67
1220,UDI_1220,GTGAAGGGAT,GATACACAAA,13,D9,68
1221,UDI_1221,GCCCTCTGCA,CACCGATACG,13,E9,69
1222,UDI_1222,AATATTAACT,AACAAAGGTA,13,F9,70
1223,UDI_1223,CCCGGTTTAT,GAGGAAACGG,13,G9,71
1224,UDI_1224,TGTTTCGTGT,GCCTCCGGAA,13,H9,72
1225,UDI_1225,AGAAGATTAA,TGTCCGCGAG,13,A10,73
1226,UDI_1226,CATCATCGCT,TCCCACCTAA,13,B10,74
1227,UDI_1227,GAACAGCCGG,TCAAGTACAC,13,C10,75
1228,UDI_1228,CCCTACGAGA,CCTGGCGTCA,13,D10,76
1229,UDI_1229,CGAAGATCAT,CCTTGTCATA,13,E10,77
1230,UDI_1230,ATTTATCGAA,TGGTAGAAGA,13,F10,78
1231,UDI_1231,GCTGAGTGGC,TCACGGACTG,13,G10,79
1232,UDI_1232,GCCGCAGGCA,ACTTCATAGT,13,H10,80
1233,UDI_1233,CTGCGAGAAC,CAATATACAT,13,A11,81
1234,UDI_1234,ATGGCCTGTG,AGAGACCGGA,13,B11,82
1235,UDI_1235,ACAAGAGGGA,GATCGAACTG,13,C11,83
1236,UDI_1236,TAATCAAGAA,GCAGCCCGGC,13,D11,84
1237,UDI_1237,ATCCGAGCGG,AACTGGGTGG,13,E11,85
1238,UDI_1238,TGACCCGCAC,ACGAGTATTG,13,F11,86
1239,UDI_1239,AATGGGACTG,CCAGCGCGTA,13,G11,87
1240,UDI_1240,TTCACCGTCG,CCACTTACTG,13,H11,88
1241,UDI_1241,GTGTCCGCCT,GCCACGGATA,13,A12,89
1242,UDI_1242,CTCGAGCACG,ATCGCGCTAT,13,B12,90
1243,UDI_1243,GCAGCATCTG,TTCTCGTTCA,13,C12,91
1244,UDI_1244,CCATTTACGT,CCATGCTGTT,13,D12,92
1245,UDI_1245,AATATACAGA,GTGAGCCGGC,13,E12,93
1246,UDI_1246,GTCGTTGGAT,TCGGCCACAT,13,F12,94
1247,UDI_1247,AGTGTACTGG,CACCGACCAA,13,G12,95
1248,UDI_1248,GAGCACTTTA,AAGGAGGCGC,13,H12,96
1249,UDI_1249,GATCTATGTC,TACAATCTAG,14,A1,1
1250,UDI_1250,TGCACCCGTT,TAAGTTGTAC,14,B1,2
1251,UDI_1251,TGCTGATGGG,GCTGCTGCGG,14,C1,3
1252,UDI_1252,AATCAATCAT,CTGCAACGTC,14,D1,4
1253,UDI_1253,AGTTCTGATC,CACAAGGAAT,14,E1,5
1254,UDI_1254,TGGAGTTCCT,AGTCATATGG,14,F1,6
1255,UDI_1255,ATTCCCGAGG,TAGCTAAGTC,14,G1,7
1256,UDI_1256,CCAAACGTGG,GTTTGGGTCA,14,H1,8
1257,UDI_1257,GACACTTGCT,ATCGGAAAGC,14,A2,9
1258,UDI_1258,ATGCACTCAG,TTTCCTCGCA,14,B2,10
1259,UDI_1259,ATATTGCAGC,TAATATTCAA,14,C2,11
1260,UDI_1260,TCGACGAGGT,CGTCTTGTCT,14,D2,12
1261,UDI_1261,ACATGGTCGT,ACGTGTGTAT,14,E2,13
1262,UDI_1262,GACATCCGAG,TTCGCAAGTC,14,F2,14
1263,UDI_1263,AGCGTCGCGC,GAGTTGCGAA,14,G2,15
1264,UDI_1264,CTAAACAGTG,AAAGTTTACG,14,H2,16
1265,UDI_1265,CACCGCATGG,ACACGCATCG,14,A3,17
1266,UDI_1266,CTCCGTTTGT,CTGAAGCCAA,14,B3,18
1267,UDI_1267,CCCGATCAGG,GTCCAGAGCT,14,C3,19
1268,UDI_1268,TAATACCTGA,ATTGGCCGCT,14,D3,20
1269,UDI_1269,CCCGCCACCA,CCCACATGTC,14,E3,21
1270,UDI_1270,TCGCGATTGT,GCCGCTTGTG,14,F3,22
1271,UDI_1271,GCGATGGACA,CCGACACACG,14,G3,23
1272,UDI_1272,AGTCGGTAGG,CTCATCACCA,14,H3,24
1273,UDI_1273,CGCTGCACAT,AAATGGACTT,14,A4,25
1274,UDI_1274,AAATGGTGAG,CGGATTGACG,14,B4,26
1275,UDI_1275,ATTAAACCAT,AGTGAGGAAT,14,C4,27
1276,UDI_1276,TAGTGCATTA,CTAATCCTGC,14,D4,28
1277,UDI_1277,ACACGGGCCA,AACGGTCAAC,14,E4,29
1278,UDI_1278,TGCAGCTTGA,GCCCTAACCA,14,F4,30
1279,UDI_1279,TCAAGGAGCT,TACAGAGGGA,14,G4,31
1280,UDI_1280,ATTGGATGTG,GTCCCTTAAG,14,H4,32
1281,UDI_1281,CGTACGCTAA,CGCACGCGTC,14,A5,33
1282,UDI_1282,ATGTGAGCTA,TTCAATATTT,14,B5,34
1283,UDI_1283,AACTCCCAGA,TGAACAAAGT,14,C5,35
1284,UDI_1284,AGGAACATAA,CCAGTGCTGA,14,D5,36
1285,UDI_1285,ACCTGCCACA,AGGAACGAGA,14,E5,37
1286,UDI_1286,CATGGATAAC,TATCACATCG,14,F5,38
1287,UDI_1287,GTCAACTATG,AGTTGGAATT,14,G5,39
1288,UDI_1288,TGACCTAAAT,CAGCACATAG,14,H5,40
1289,UDI_1289,CGACCCGCTA,CTCACACAAT,14,A6,41
1290,UDI_1290,CCATCGGAGC,TTGTATTATC,14,B6,42
1291,UDI_1291,AGTTGTCGTA,GAACAATGAT,14,C6,43
1292,UDI_1292,TCGACACCTG,TCCACCAAAC,14,D6,44
1293,UDI_1293,CCTCAAAGTT,ACGCGGCTCT,14,E6,45
1294,UDI_1294,TCGACGGCAT,GTCATATATA,14,F6,46
1295,UDI_1295,AGCGCTCTAG,TCCCAACAGT,14,G6,47
1296,UDI_1296,CATAATGGCA,ACGCTTTCTG,14,H6,48
1297,UDI_1297,AAACACCCTC,CCAATACGCT,14,A7,49
1298,UDI_1298,CGTCTTCCGG,TGGCAATAGA,14,B7,50
1299,UDI_1299,AGCCAAACCG,TCCAACAATG,14,C7,51
1300,UDI_1300,AAACCCTGAG,TGCATCCGGG,14,D7,52
1301,UDI_1301,CATAGCAACA,CTAACGATTA,14,E7,53
1302,UDI_1302,GACGGGATGG,CTGTGTGAGA,14,F7,54
1303,UDI_1303,CTCTGGCAGG,GCGATGGTAT,14,G7,55
1304,UDI_1304,CGTAAAGGTA,GCACCAAATC,14,H7,56
1305,UDI_1305,GCCGGGAAAC,GTAGTGGCTG,14,A8,57
1306,UDI_1306,GTAAAGACCA,TGCCGCGTCA,14,B8,58
1307,UDI_1307,TTATATTAGT,CGCGCAGATA,14,C8,59
1308,UDI_1308,CAAGTCGCCG,AGCTCACTCG,14,D8,60
1309,UDI_1309,TGCTTCAGTG,TTTGGTCCTG,14,E8,61
1310,UDI_1310,GCCGTACACA,GTCTTCCGGG,14,F8,62
1311,UDI_1311,GATCCCAAAG,ATATACCTTC,14,G8,63
1312,UDI_1312,AACAATTCGA,ATGCTGGAAA,14,H8,64
1313,UDI_1313,TGAACTGCTG,AAATACACGC,14,A9,65
1314,UDI_1314,AGGACGCCCT,CTATTGATGT,14,B9,66
1315,UDI_1315,ATTGTTAGCG,AGCCGGAATC,14,C9,67
1316,UDI_1316,CAATTCGGCA,TCCCAGCTGC,14,D9,68
1317,UDI_1317,TCGCGTACGA,AGTTATCAGG,14,E9,69
1318,UDI_1318,GACCTTATCG,GAACCAAGGA,14,F9,70
1319,UDI_1319,GATTCACTCT,TGACGACTGC,14,G9,71
1320,UDI_1320,ACCCTCCGCT,CGCTCACATC,14,H9,72
1321,UDI_1321,CTAACGAAGG,CTATATAGAC,14,A10,73
1322,UDI_1322,AAATTCTTTC,TATTAACTTG,14,B10,74
1323,UDI_1323,CCTGTAGCCT,AAGTCCGGAT,14,C10,75
1324,UDI_1324,ACGCAATCGT,CGCCGTCAGT,14,D10,76
1325,UDI_1325,TGGATCCTTA,AGGCCCGATT,14,E10,77
1326,UDI_1326,TCACCTGACT,CGCACAAACG,14,F10,78
1327,UDI_1327,AGTTTCTGGC,GCTCAAGTCG,14,G10,79
1328,UDI_1328,TTGTCCGGTG,GCCTCGGGTC,14,H10,80
1329,UDI_1329,AAACAGTGCA,CCACAGATCT,14,A11,81
1330,UDI_1330,GCGCTTCTTA,TATATTCATG,14,B11,82
1331,UDI_1331,TTTCCCAATT,AAACGTACGA,14,C11,83
1332,UDI_1332,GTTGACGTCG,ACTCCTTTGG,14,D11,84
1333,UDI_1333,AACAAGTCCG,GCTGCCGGCT,14,E11,85
1334,UDI_1334,ACAGTTACCT,CCGGCAGTTC,14,F11,86
1335,UDI_1335,ATAGCGTGTA,AGGGAATGCA,14,G11,87
1336,UDI_1336,ACAACATTCA,GCACGCAGAC,14,H11,88
1337,UDI_1337,ACAAGCAAGG,GTGCTAACAC,14,A12,89
1338,UDI_1338,GCCGGGTGAG,CTCATCGCAG,14,B12,90
1339,UDI_1339,ACCGACCTTG,AGTTCCGGGT,14,C12,91
1340,UDI_1340,CTACAGTGTT,ATCCTCAAGA,14,D12,92
1341,UDI_1341,ACCGAGACTA,AAACAAGGAG,14,E12,93
1342,UDI_1342,ATAAATATAG,TATAAACAAC,14,F12,94
1343,UDI_1343,CAGTTCCTAC,TGTACATTCT,14,G12,95
1344,UDI_1344,GTACACCCTG,CCCAAGTTAT,14,H12,96
1345,UDI_1345,TGGCCAGGGC,ACGTATGATT,15,A1,1
1346,UDI_1346,GACTTCGGTG,AAGACATGGA,15,B1,2
1347,UDI_1347,GACTGAGGAG,AGCACAGGCA,15,C1,3
1348,UDI_1348,CATCTAATCG,CGGCCATGAT,15,D1,4
1349,UDI_1349,TCCTCGGAAC,TCGCTCTTGA,15,E1,5
1350,UDI_1350,GTATAAGACT,GTTTGGTCGA,15,F1,6
1351,UDI_1351,AATGGCATTA,TGCTACATCT,15,G1,7
1352,UDI_1352,AATTACAGTT,AGGGTCCGGT,15,H1,8
1353,UDI_1353,TGCCACAGGA,TTCAGAATAG,15,A2,9
1354,UDI_1354,GACAGTTATA,AACGGGACCA,15,B2,10
1355,UDI_1355,AATAGTTAGA,CGTACCATCT,15,C2,11
1356,UDI_1356,GAAGCGCCTT,CGCGGCGCTA,15,D2,12
1357,UDI_1357,GAAACATTAA,CCCTAGCTGG,15,E2,13
1358,UDI_1358,TCCCGGAGAG,AGAGGTGGGA,15,F2,14
1359,UDI_1359,GCATATGCAG,GTGAGAGAAA,15,G2,15
1360,UDI_1360,GAAATTGCAT,GCCTCTACGT,15,H2,16
1361,UDI_1361,TAATCGCTGT,CATCGATGGA,15,A3,17
1362,UDI_1362,TCACAGTCTT,CCAAACTAAA,15,B3,18
1363,UDI_1363,TAATTTCACT,AACCGACTCA,15,C3,19
1364,UDI_1364,CGGACAATTA,AATCTTAAGA,15,D3,20
1365,UDI_1365,TCTTATTGGC,GCGTATGCGT,15,E3,21
1366,UDI_1366,TCACAGCGCG,GTCGGGAACT,15,F3,22
1367,UDI_1367,GTATTTATAA,CCAATCAAAC,15,G3,23
1368,UDI_1368,CTCACCAACT,CAAGTGAAGG,15,H3,24
1369,UDI_1369,CGCTGAGTCA,CAAGTTGCGA,15,A4,25
1370,UDI_1370,AAACTTCCCA,AACGTGCTGC,15,B4,26
1371,UDI_1371,ACAGAAAGCG,CCCGAGAGGA,15,C4,27
1372,UDI_1372,AATAATCTGC,ACTGAAGTCA,15,D4,28
1373,UDI_1373,TGAGATAATT,CGCAACTAGA,15,E4,29
1374,UDI_1374,AAGCTGACTT,ATCTTGGGCT,15,F4,30
1375,UDI_1375,TCCGGGTCAT,GCCACATTTA,15,G4,31
1376,UDI_1376,TGCACCCTAG,TACTCGTTAG,15,H4,32
1377,UDI_1377,CGAAAGACAT,ACACTGTGAT,15,A5,33
1378,UDI_1378,CAGAGTATTA,TAGTCTACGT,15,B5,34
1379,UDI_1379,AGTGAGCGGG,CTGGCAGAGT,15,C5,35
1380,UDI_1380,GCTTGTAAGT,TGTCCGTATG,15,D5,36
1381,UDI_1381,CGTTGCTTTC,AACCGGCTGT,15,E5,37
1382,UDI_1382,TTGCGTCCTA,TGTACCGGAG,15,F5,38
1383,UDI_1383,GCGTGGTCTT,TTCGCTTGAC,15,G5,39
1384,UDI_1384,AACGTGGAAC,GCAAATATTC,15,H5,40
1385,UDI_1385,TATCTATAAA,ATTGTCGCCT,15,A6,41
1386,UDI_1386,TTCGCGCGGC,GTATGAATAT,15,B6,42
1387,UDI_1387,CACAACTGCA,CGAGAGAATG,15,C6,43
1388,UDI_1388,ACCTACCCTC,CGGTGACCGA,15,D6,44
1389,UDI_1389,CGGCTTGTGA,CTAGTATGGT,15,E6,45
1390,UDI_1390,GAGGACCAAT,CGCCTTCCCA,15,F6,46
1391,UDI_1391,GACTTGTTTG,TGCTCCTCCT,15,G6,47
1392,UDI_1392,GAAGCCGAGT,CGAACTAATG,15,H6,48
1393,UDI_1393,CACCGGAAAG,TGCAGCAAGT,15,A7,49
1394,UDI_1394,GACCAGTTCA,TACACGAGGG,15,B7,50
1395,UDI_1395,AACATCAGTA,GACCTTCGGG,15,C7,51
1396,UDI_1396,AACACTCTGG,ATAACCCAAG,15,D7,52
1397,UDI_1397,TATTGAATTC,CACCGAGATT,15,E7,53
1398,UDI_1398,GAATAAACAC,CGACCGAGGT,15,F7,54
1399,UDI_1399,ATATGGGAAG,ACTCTAGTCT,15,G7,55
1400,UDI_1400,CCGCGATTAA,GTCCGGGACG,15,H7,56
1401,UDI_1401,AGAGCATTTA,CCATAAAGGA,15,A8,57
1402,UDI_1402,TCCCTATCAT,TTACAAACCG,15,B8,58
1403,UDI_1403,GCATGAGCCT,TTGAATCTAA,15,C8,59
1404,UDI_1404,AAGCAATGAA,AACTCAGACT,15,D8,60
1405,UDI_1405,CCCTATGTGT,AACCTGAACA,15,E8,61
1406,UDI_1406,GTAAATGATC,GTGACGACGG,15,F8,62
1407,UDI_1407,AAACTCCACG,GTAAGTGCTA,15,G8,63
1408,UDI_1408,CATCTACGAT,CCCAAGCCTC,15,H8,64
1409,UDI_1409,ATATGTTCGC,CACCAAGAGA,15,A9,65
1410,UDI_1410,TCGTCGAAGC,CATAATACCG,15,B9,66
1411,UDI_1411,GTTCCGCCAG,CCACATTATT,15,C9,67
1412,UDI_1412,CCTCAGAAAT,TGCCTCGTAG,15,D9,68
1413,UDI_1413,GCCGATACAG,TCGGTCTGAG,15,E9,69
1414,UDI_1414,CGTCAATTTG,CGAGATGGAG,15,F9,70
1415,UDI_1415,AAGTTTAGTC,ACCGATTAGA,15,G9,71
1416,UDI_1416,GCTGTCTATG,GAGAAACTTA,15,H9,72
1417,UDI_1417,GACCTGATGT,AAACACAAAG,15,A10,73
1418,UDI_1418,CAGCCTATGC,TCAACGCAGC,15,B10,74
1419,UDI_1419,GTGATGTAAA,GTTTAGAGCA,15,C10,75
1420,UDI_1420,TCTTCAACCT,ACATTCTAGC,15,D10,76
1421,UDI_1421,GATGGAGTGA,GAGGTCTTAT,15,E10,77
1422,UDI_1422,GAACGGGTCA,AGGAAAGACG,15,F10,78
1423,UDI_1423,TAGATCTACA,AAGTCGCTCA,15,G10,79
1424,UDI_1424,AACACTAAGC,GTAGCCTATA,15,H10,80
1425,UDI_1425,GAACAGGAAG,AAGAACAATG,15,A11,81
1426,UDI_1426,CACCGGTCGG,TACAGCACAC,15,B11,82
1427,UDI_1427,TAGGCGCGTA,TAAAGTCAAT,15,C11,83
1428,UDI_1428,TGTTACTGAT,TGTTGAAGAG,15,D11,84
1429,UDI_1429,CGGCCGAATA,ACAGTTGGCG,15,E11,85
1430,UDI_1430,CAGAACTACG,CTATCGTGGC,15,F11,86
1431,UDI_1431,CCTTCACTCG,CGTGCCAAAC,15,G11,87
1432,UDI_1432,CCCTAGTACT,AGTACACCTT,15,H11,88
1433,UDI_1433,GTAGGCCCTT,TGGAAGGCCT,15,A12,89
1434,UDI_1434,CCGAATATGG,AGTAAAGCTG,15,B12,90
1435,UDI_1435,ACAACTACTC,AACTTCTGAT,15,C12,91
1436,UDI_1436,ACGATGCGTT,TGCACCTATG,15,D12,92
1437,UDI_1437,GTCGGTGATC,AGATGATGAT,15,E12,93
1438,UDI_1438,AATTTGAAAT,TTACGCTGAT,15,F12,94
1439,UDI_1439,TGCTCCATAA,ATGAAAGGAG,15,G12,95
1440,UDI_1440,CGGAATTCGG,CGATAAGGCA,15,H12,96
1441,UDI_1441,CCATGGGACG,TAGACTCTGC,16,A1,1
1442,UDI_1442,CAGACGTAAT,AGCTATTGTA,16,B1,2
1443,UDI_1443,CTAGATCAAA,AACACCGGAC,16,C1,3
1444,UDI_1444,TGAGGCACCG,TATCGGATTG,16,D1,4
1445,UDI_1445,TATCAACGGT,TTGCACGCCG,16,E1,5
1446,UDI_1446,TAACTCTTCG,TGTCAAGTGG,16,F1,6
1447,UDI_1447,AGATGAGCCA,GCTCGTGTTC,16,G1,7
1448,UDI_1448,TTGGAGATGT,AATTCGCCAG,16,H1,8
1449,UDI_1449,AGCCCGTGAT,TTCCTTCGCG,16,A2,9
1450,UDI_1450,CCGGCTAATG,CTTTATCTGG,16,B2,10
1451,UDI_1451,ACTGGCCATA,TTGAGCGGAA,16,C2,11
1452,UDI_1452,TCGGTAGGTA,TAATCATACT,16,D2,12
1453,UDI_1453,ACACTCGATG,CCAGTAGTTT,16,E2,13
1454,UDI_1454,AGCCGTCGGG,CGGTATACTG,16,F2,14
1455,UDI_1455,CTGGACCTAT,GAATTGTTCT,16,G2,15
1456,UDI_1456,AGAAGCATCT,TTCCACACTA,16,H2,16
1457,UDI_1457,CGCATAGTTT,CACATACACG,16,A3,17
1458,UDI_1458,AATTGTGCGC,TCATGGTGTG,16,B3,18
1459,UDI_1459,GTAGGTATTC,TCCATGGTAG,16,C3,19
1460,UDI_1460,TCGGGCCCAA,TTGTTTGGCG,16,D3,20
1461,UDI_1461,TACACATCTG,AGGTTCATTA,16,E3,21
1462,UDI_1462,TGAATCTCAG,TGCAGAGGTT,16,F3,22
1463,UDI_1463,CCATATATCA,CACAACTCTG,16,G3,23
1464,UDI_1464,TGAGAGATCG,CGCTATGACG,16,H3,24
1465,UDI_1465,CGGGAAGATG,GTAACTACTG,16,A4,25
1466,UDI_1466,GCCCGGGCAT,ATCGACACAT,16,B4,26
1467,UDI_1467,TGAAATATAT,AATAGTACAA,16,C4,27
1468,UDI_1468,ACACCAAGGG,ATACCTACTA,16,D4,28
1469,UDI_1469,GACGCAAGAC,ACCAGTCAGG,16,E4,29
1470,UDI_1470,GCGTGCAGGA,ACCTTGCTTC,16,F4,30
1471,UDI_1471,TTCAGTCCGC,CACCCAGCAT,16,G4,31
1472,UDI_1472,GACCGACGGT,CGCTTGAAAG,16,H4,32
1473,UDI_1473,GTTCACTTCA,TAATGAGCTT,16,A5,33
1474,UDI_1474,CTCGCTATTA,CCGGAGGCAT,16,B5,34
1475,UDI_1475,AAACGTCGAA,TTTCGTGCGA,16,C5,35
1476,UDI_1476,TTAAACGTTT,CTCGTTGACA,16,D5,36
1477,UDI_1477,TTGGGAAATC,GATGGTTTGG,16,E5,37
1478,UDI_1478,AAGCGCCGCT,GTCATCCCGT,16,F5,38
1479,UDI_1479,CTTCCAAGGT,GTGAACTTAG,16,G5,39
1480,UDI_1480,CCGTGTAACA,GCCCGAAACG,16,H5,40
1481,UDI_1481,ATCGTCATTG,GAGTGACCAG,16,A6,41
1482,UDI_1482,ATTTATTGTC,TAGAGCTGGT,16,B6,42
1483,UDI_1483,AGCCCAATAG,AAGGCGAATC,16,C6,43
1484,UDI_1484,CACGACCACA,AGACTCGCTT,16,D6,44
1485,UDI_1485,CAGAGAGCAG,AGGGTCGTTT,16,E6,45
1486,UDI_1486,AAAGGTAATA,GTATGGATCG,16,F6,46
1487,UDI_1487,TTCCAGCCTC,TGCCGATTAG,16,G6,47
1488,UDI_1488,GTTAGATAAC,AACTCCAGAG,16,H6,48
1489,UDI_1489,AGTCCTTGAA,ACAATAAGGC,16,A7,49
1490,UDI_1490,CGGGTCTCCT,GTTCGAAGAG,16,B7,50
1491,UDI_1491,ACCTCGCAGC,ACCTGTAATG,16,C7,51
1492,UDI_1492,GCAATACAGG,CAATATTGGT,16,D7,52
1493,UDI_1493,CTTAAGGGAA,CCTGAGGCGG,16,E7,53
1494,UDI_1494,ATAAACGGAT,AAGCCTGGTC,16,F7,54
1495,UDI_1495,CCGGGCAGAT,ACGTCTGGGT,16,G7,55
1496,UDI_1496,ATGATTGGTT,CTGTCACTTG,16,H7,56
1497,UDI_1497,ACATGCGGGC,ATTGCGCGCG,16,A8,57
1498,UDI_1498,CAGCGACTGT,TCCACGCTTC,16,B8,58
1499,UDI_1499,CCTCTCCCGC,TACAACGTAC,16,C8,59
1500,UDI_1500,ATCTCTAACG,TAGCCTTGAA,16,D8,60
1501,UDI_1501,CCTTTCGTTT,GTGAGAAACT,16,E8,61
1502,UDI_1502,CCAGGACGCA,GACCAAATAT,16,F8,62
1503,UDI_1503,AACCAGCTAA,ACAGAAGAGA,16,G8,63
1504,UDI_1504,CACACCCTTG,TACTACTTCG,16,H8,64
1505,UDI_1505,ACATGAATGG,GCTTATCTAG,16,A9,65
1506,UDI_1506,TCTGAGGCAA,CGGATAGCAT,16,B9,66
1507,UDI_1507,TATGCGCCGT,AGAGGGCTTG,16,C9,67
1508,UDI_1508,AGTGAACGCT,AAACATTTCT,16,D9,68
1509,UDI_1509,TTAAGTGGAG,TTACAGGCGG,16,E9,69
1510,UDI_1510,AGGTCCTGAA,CAACTCGACT,16,F9,70
1511,UDI_1511,TACCCTCAAC,GACGCCTAAA,16,G9,71
1512,UDI_1512,CAGTCCATTG,ACCCTGACAA,16,H9,72
1513,UDI_1513,GTAATACGAT,TAATACAGGG,16,A10,73
1514,UDI_1514,TGCCCTCGAT,TGTGAGTAAA,16,B10,74
1515,UDI_1515,CGTGAGTCAC,ATACACCGGG,16,C10,75
1516,UDI_1516,TATCCGAATA,ACACCGTGCG,16,D10,76
1517,UDI_1517,CGATTGCTTA,GTCTATACGG,16,E10,77
1518,UDI_1518,GCGTTCGGAC,GAAACCGGAA,16,F10,78
1519,UDI_1519,TGTAGTAGCG,CTAGCATTCG,16,G10,79
1520,UDI_1520,CGCCCTACGG,TGACAGAGAT,16,H10,80
1521,UDI_1521,CGCACTGCAT,GTTCACAAGC,16,A11,81
1522,UDI_1522,TACTTATCTC,CCGAAAGAGG,16,B11,82
1523,UDI_1523,TCACTCTCGT,CGAGAACGTA,16,C11,83
1524,UDI_1524,TAAACTAAGG,CGGTGTCTGC,16,D11,84
1525,UDI_1525,GCGAATACAC,ACTAGCATGA,16,E11,85
1526,UDI_1526,ACTTATGAAC,TCCCGGCCGA,16,F11,86
1527,UDI_1527,GTACTCGTGA,AGAAATAGTG,16,G11,87
1528,UDI_1528,AAACGGGCGT,AATACACGTA,16,H11,88
1529,UDI_1529,GTGCGACCCG,CAACACAGGC,16,A12,89
1530,UDI_1530,CACTCCTCCG,AACAGTAGAG,16,B12,90
1531,UDI_1531,GAACACCAGC,CCACACAAGA,16,C12,91
1532,UDI_1532,GCGTTCCAGA,TCAGAAGAAC,16,D12,92
1533,UDI_1533,CACGGCAGGA,TGCCTCAACG,16,E12,93
1534,UDI_1534,CTTGGCTATC,CAGCTACATG,16,F12,94
1535,UDI_1535,AATACATTGT,TGGAACACTG,16,G12,95
1536,UDI_1536,TGGTCGGCGC,GCGCCTGGAA,16,H12,96
